SKU,Tên,Hãng,Nhóm,Series,KíchThước,PN,VậtLiệu,Giá,LinkẢnh,GhiChú
KTR-ROTEX,Rotex,KTR Germany,Cao su giảm chấn,Rotex,,,,,,
KTR-ROTEXGS,Rotex GS,KTR Germany,Cao su giảm chấn,Rotex GS,,,,,,
KTR-BOWEX,Bowex,KTR Germany,Cao su giảm chấn,Bowex,,,,,,
KTR-ROFLEX,Roflex,KTR Germany,Cao su giảm chấn,Roflex,,,,,,
KTR-ROTEX-2,Rotex Standard,KTR Germany,Khớp nối linh hoạt,ROTEX,,,,,,
KTR-ROTEX-3,ROTEX clamping ring hubs,KTR Germany,Khớp nối linh hoạt,ROTEX,,,,,,
KTR-ROTEX-4,ROTEX clamping hubs,KTR Germany,Khớp nối linh hoạt,ROTEX,,,,,,
KTR-ROTEX-5,ROTEX AFN,KTR Germany,Khớp nối linh hoạt,ROTEX,,,,,,
KTR-ROTEX-6,ROTEX BFN,KTR Germany,Khớp nối linh hoạt,ROTEX,,,,,,
KTR-ROTEX-7,ROTEX AH,KTR Germany,Khớp nối linh hoạt,ROTEX,,,,,,
KTR-ROTEX-8,ROTEX SH,KTR Germany,Khớp nối linh hoạt,ROTEX,,,,,,
KTR-ROTEX-9,ROTEX CF,KTR Germany,Khớp nối linh hoạt,ROTEX,,,,,,
KTR-ROTEX-10,ROTEX CFN,KTR Germany,Khớp nối linh hoạt,ROTEX,,,,,,
KTR-ROTEX-11,ROTEX DF,KTR Germany,Khớp nối linh hoạt,ROTEX,,,,,,
KTR-ROTEX-12,ROTEX DFN,KTR Germany,Khớp nối linh hoạt,ROTEX,,,,,,
KTR-ROTEX-13,ROTEX ZS-DKM-SH,KTR Germany,Khớp nối linh hoạt,ROTEX,,,,,,
KTR-ROTEX-14,ROTEX ZR,KTR Germany,Khớp nối linh hoạt,ROTEX,,,,,,
KTR-ROTEX-15,ROTEX BTAN,KTR Germany,Khớp nối linh hoạt,ROTEX,,,,,,
KTR-ROTEX-16,ROTEX SBAN,KTR Germany,Khớp nối linh hoạt,ROTEX,,,,,,
KTR-ROTEX-17,ROTEX AFN-SB,KTR Germany,Khớp nối linh hoạt,ROTEX,,,,,,
KTR-ROTEX-18,ROTEX SD,KTR Germany,Khớp nối linh hoạt,ROTEX,,,,,,
KTR-ROTEX-19,ROTEX taper clamping sleeve,KTR Germany,Khớp nối linh hoạt,ROTEX,,,,,,
KTR-ROTEX-20,ROTEX ZRS,KTR Germany,Khớp nối linh hoạt,ROTEX,,,,,,
KTR-ROFLEX-2,ROFLEX SH,KTR Germany,Khớp nối linh hoạt,ROFLEX,,,,,,
KTR-ROFLEX-3,ROFLEX N,KTR Germany,Khớp nối linh hoạt,ROFLEX,,,,,,
KTR-POLY,Poly PKA,KTR Germany,Khớp nối linh hoạt,POLY,,,,,,
KTR-POLY-2,Poly PKD,KTR Germany,Khớp nối linh hoạt,POLY,,,,,,
KTR-POLY-3,Poly PKZ,KTR Germany,Khớp nối linh hoạt,POLY,,,,,,
KTR-POLYNORM,Poly-Norm AR,KTR Germany,Khớp nối linh hoạt,Poly-Norm,,,,,,
KTR-POLYNORM-2,Poly-Norm ADR,KTR Germany,Khớp nối linh hoạt,Poly-Norm,,,,,,
KTR-POLYNORM-3,Poly-Norm ADR-BTA,KTR Germany,Khớp nối linh hoạt,Poly-Norm,,,,,,
KTR-POLYNORM-4,Poly-Norm ADR-SBA,KTR Germany,Khớp nối linh hoạt,Poly-Norm,,,,,,
KTR-POLYNORM-5,Poly-Norm AZR,KTR Germany,Khớp nối linh hoạt,Poly-Norm,,,,,,
KTR-POLYNORM-6,Poly-Norm M,KTR Germany,Khớp nối linh hoạt,Poly-Norm,,,,,,
KTR-EVOLASTIC,Evolastic E/EP,KTR Germany,Khớp nối linh hoạt,Evolastic,,,,,,
KTR-EVOLASTIC-2,Evolastic EH/EHP,KTR Germany,Khớp nối linh hoạt,Evolastic,,,,,,
KTR-EVOLASTIC-3,Evolastic E2H/E2HP,KTR Germany,Khớp nối linh hoạt,Evolastic,,,,,,
KTR-EVOLASTIC-4,Evolastic EFH/EFHP,KTR Germany,Khớp nối linh hoạt,Evolastic,,,,,,
KTR-EVOLASTIC-5,Evolastic D2H,KTR Germany,Khớp nối linh hoạt,Evolastic,,,,,,
KTR-EVOLASTIC-6,Evolastic DFH,KTR Germany,Khớp nối linh hoạt,Evolastic,,,,,,
KTR-REVOLEX,Revolex KX-D made of cast iron,KTR Germany,Khớp nối bulong đai ốc,Revolex,,,,,,
KTR-REVOLEX-2,Revolex KX-D made of steel,KTR Germany,Khớp nối bulong đai ốc,Revolex,,,,,,
KTR-REVOLEX-3,Revolex KX-D SB,KTR Germany,Khớp nối bulong đai ốc,Revolex,,,,,,
KTR-REVOLEX-4,Revolex KX-D with KTR 650 clamping set,KTR Germany,Khớp nối bulong đai ốc,Revolex,,,,,,
KTR-RADEX,Radex-N,KTR Germany,Khớp nối đĩa đàn hồi,Radex,,,,,,
KTR-RADEX-2,Radex-N NANA 3,KTR Germany,Khớp nối đĩa đàn hồi,Radex,,,,,,
KTR-RADEX-3,Radex-N NNZ,KTR Germany,Khớp nối đĩa đàn hồi,Radex,,,,,,
KTR-RADEX-4,Radex-N NN,KTR Germany,Khớp nối đĩa đàn hồi,Radex,,,,,,
KTR-RADEX-5,Radex-N Composite,KTR Germany,Khớp nối đĩa đàn hồi,Radex,,,,,,
KTR-RADEX-6,Radex-N NANA 4,KTR Germany,Khớp nối đĩa đàn hồi,Radex,,,,,,
KTR-RADEX-7,Radex-N NENE,KTR Germany,Khớp nối đĩa đàn hồi,Radex,,,,,,
KTR-RADEX-8,Radex-N NNW,KTR Germany,Khớp nối đĩa đàn hồi,Radex,,,,,,
KTR-RIGIFLEXN,Rigiflex-N,KTR Germany,Khớp nối đĩa đàn hồi,Rigiflex-N,,,,,,
KTR-RIGIFLEXN-2,Rigiflex-N AH,KTR Germany,Khớp nối đĩa đàn hồi,Rigiflex-N,,,,,,
KTR-ROTEXGS-2,Rotex GS Standard types,KTR Germany,Khớp nối servo,ROTEX GS,,,,,,
KTR-ROTEXGS-3,Rotex GS Compact,KTR Germany,Khớp nối servo,ROTEX GS,,,,,,
KTR-ROTEXGS-4,Rotex GS clamping ring hubs light,KTR Germany,Khớp nối servo,ROTEX GS,,,,,,
KTR-ROTEXGS-5,Rotex GS clamping ring hubs steel,KTR Germany,Khớp nối servo,ROTEX GS,,,,,,
KTR-ROTEXGS-6,Rotex GS P acc. to DIN 69002,KTR Germany,Khớp nối servo,ROTEX GS,,,,,,
KTR-ROTEXGS-7,Rotex GS ETP,KTR Germany,Khớp nối servo,ROTEX GS,,,,,,
KTR-ROTEXGS-8,Rotex GS expansion hub,KTR Germany,Khớp nối servo,ROTEX GS,,,,,,
KTR-ROTEXGS-9,Rotex GS A-H,KTR Germany,Khớp nối servo,ROTEX GS,,,,,,
KTR-ROTEXGS-10,Rotex GS DKM,KTR Germany,Khớp nối servo,ROTEX GS,,,,,,
KTR-ROTEXGS-11,Rotex GS ZRS,KTR Germany,Khớp nối servo,ROTEX GS,,,,,,
KTR-ROTEXGS-12,Rotex GS ZR1,KTR Germany,Khớp nối servo,ROTEX GS,,,,,,
KTR-ROTEXGS-13,Rotex GS ZR2,KTR Germany,Khớp nối servo,ROTEX GS,,,,,,
KTR-ROTEXGS-14,Rotex GS ZR3,KTR Germany,Khớp nối servo,ROTEX GS,,,,,,
KTR-ROTEXGS-15,Rotex GS HP,KTR Germany,Khớp nối servo,ROTEX GS,,,,,,
KTR-ROTEXGS-16,Rotex GS miniature coupling,KTR Germany,Khớp nối servo,ROTEX GS,,,,,,
KTR-ROTEXGS-17,Rotex GS,KTR Germany,Khớp nối servo,ROTEX GS,,,,,,
KTR-RADEXNC,Radex-NC ZR,KTR Germany,Khớp nối servo,Radex-NC,,,,,,
KTR-RADEXNC-2,Radex-NC DK,KTR Germany,Khớp nối servo,Radex-NC,,,,,,
KTR-RADEXNC-3,Radex-NC EK,KTR Germany,Khớp nối servo,Radex-NC,,,,,,
KTR-SYNTEX,KTR Syntex,KTR Germany,Khớp nối bảo vệ quá tải,Syntex,,,,,,
KTR-BOWEX-2,Bowex M,KTR Germany,Khớp nối răng,Bowex,,,,,,
KTR-BOWEX-3,Bowex Junior,KTR Germany,Khớp nối răng,Bowex,,,,,,
KTR-BOWEX-4,Bowex Junior M,KTR Germany,Khớp nối răng,Bowex,,,,,,
KTR-BOWEX-5,Bowex M-C,KTR Germany,Khớp nối răng,Bowex,,,,,,
KTR-BOWEX-6,Bowex Stainless Steel,KTR Germany,Khớp nối răng,Bowex,,,,,,
KTR-BOWEX-7,Bowex I,KTR Germany,Khớp nối răng,Bowex,,,,,,
KTR-BOWEX-8,Bowex AS,KTR Germany,Khớp nối răng,Bowex,,,,,,
KTR-BOWEX-9,Bowex Special-I,KTR Germany,Khớp nối răng,Bowex,,,,,,
KTR-BOWEX-10,Bowex SD(-D),KTR Germany,Khớp nối răng,Bowex,,,,,,
KTR-BOWEX-11,Bowex SD1,KTR Germany,Khớp nối răng,Bowex,,,,,,
KTR-BOWEX-12,Bowex SG,KTR Germany,Khớp nối răng,Bowex,,,,,,
KTR-BOWEX-13,Bowex SSG,KTR Germany,Khớp nối răng,Bowex,,,,,,
KTR-BOWEX-14,Bowex Spec.-I(CD),KTR Germany,Khớp nối răng,Bowex,,,,,,
KTR-BOWEX-15,Bowex GT,KTR Germany,Khớp nối răng,Bowex,,,,,,
KTR-GEAREX,Gearex FA,KTR Germany,Khớp nối răng,Gearex,,,,,,
KTR-GEAREX-2,Gearex FB,KTR Germany,Khớp nối răng,Gearex,,,,,,
KTR-GEAREX-3,Gearex FAB,KTR Germany,Khớp nối răng,Gearex,,,,,,
KTR-GEAREX-4,Gearex DA,KTR Germany,Khớp nối răng,Gearex,,,,,,
KTR-GEAREX-5,Gearex DB,KTR Germany,Khớp nối răng,Gearex,,,,,,
KTR-GEAREX-6,Gearex DAB,KTR Germany,Khớp nối răng,Gearex,,,,,,
KTR-GEAREX-7,Gearex FH,KTR Germany,Khớp nối răng,Gearex,,,,,,
KTR-GEAREX-8,Gearex FR,KTR Germany,Khớp nối răng,Gearex,,,,,,
KTR-GEAREX-9,Gearex DR,KTR Germany,Khớp nối răng,Gearex,,,,,,
KTR-GEAREX-10,Gearex DH,KTR Germany,Khớp nối răng,Gearex,,,,,,
KTR-GGD,G-GD,KTR Germany,Khớp nối cardan,G-GD,,,,,,
KTR-GAHA,GA-HA,KTR Germany,Khớp nối cardan,GA-HA,,,,,,
KTR-GRHR,GR-HR,KTR Germany,Khớp nối cardan,GR-HR,,,,,,
KTR-HHD,H-HD,KTR Germany,Khớp nối cardan,H-HD,,,,,,
KTR-XXD,X-XD,KTR Germany,Khớp nối cardan,X-XD,,,,,,
KTR-KTRRADEXN,KTR Radex-N,KTR Germany,Khớp nối điện gió,KTR Radex-N,,,,,,
KTR-CLAMPEX,Clampex 105,KTR Germany,Khớp khoá trục,Clampex,,,,,,
KTR-CLAMPEX-2,Clampex 130,KTR Germany,Khớp khoá trục,Clampex,,,,,,
KTR-CLAMPEX-3,Clampex 131,KTR Germany,Khớp khoá trục,Clampex,,,,,,
KTR-CLAMPEX-4,Clampex 200,KTR Germany,Khớp khoá trục,Clampex,,,,,,
KTR-CLAMPEX-5,Clampex 201,KTR Germany,Khớp khoá trục,Clampex,,,,,,
KTR-CLAMPEX-6,Clampex 203,KTR Germany,Khớp khoá trục,Clampex,,,,,,
KTR-CLAMPEX-7,Clampex 206,KTR Germany,Khớp khoá trục,Clampex,,,,,,
KTR-CLAMPEX-8,Clampex 225,KTR Germany,Khớp khoá trục,Clampex,,,,,,
KTR-CLAMPEX-9,Clampex 250,KTR Germany,Khớp khoá trục,Clampex,,,,,,
KTR-CLAMPEX-10,Clampex 400,KTR Germany,Khớp khoá trục,Clampex,,,,,,
KTR-CLAMPEX-11,Clamping Nuts,KTR Germany,Khớp khoá trục,Clampex,,,,,,
KTR-CLAMPEX-12,Clampex 700,KTR Germany,Khớp khoá trục,Clampex,,,,,,
KTR-CLAMPEX-13,Clampex 603,KTR Germany,Thiết bị bóp trục,Clampex,,,,,,
KTR-CLAMPEX-14,Clampex 620,KTR Germany,Thiết bị bóp trục,Clampex,,,,,,
KTR-KTRTEMPERATURECONT,Filler Necks and Oil Level Sight Glasses,KTR Germany,Phụ kiện bơm thủy lực,KTR Temperature control and temperature monitoring,,,,,,
KTR-KTRTEMPERATURECONT-2,Temperature Probe TE-PT 100,KTR Germany,Phụ kiện bơm thủy lực,KTR Temperature control and temperature monitoring,,,,,,
KTR-KTRTEMPERATURECONT-3,NVT Level Temperature Switch,KTR Germany,Phụ kiện bơm thủy lực,KTR Temperature control and temperature monitoring,,,,,,
KTR-KTRTEMPERATURECONT-4,NVT-E Electronic Level Temperature Switch,KTR Germany,Phụ kiện bơm thủy lực,KTR Temperature control and temperature monitoring,,,,,,
KTR-KTRTEMPERATURECONT-5,TSC Temperature Switch,KTR Germany,Phụ kiện bơm thủy lực,KTR Temperature control and temperature monitoring,,,,,,
KTR-KTRTEMPERATURECONT-6,Tank Heaters EHP,KTR Germany,Phụ kiện bơm thủy lực,KTR Temperature control and temperature monitoring,,,,,,
KTR-KTRTEMPERATURECONT-7,Tank Heater EH,KTR Germany,Phụ kiện bơm thủy lực,KTR Temperature control and temperature monitoring,,,,,,
KTR-KTRTEMPERATURECONT-8,Tank Heater TEHM,KTR Germany,Phụ kiện bơm thủy lực,KTR Temperature control and temperature monitoring,,,,,,
KTR-KTRTEMPERATURECONT-9,OTV Oil Temperature Valve,KTR Germany,Phụ kiện bơm thủy lực,KTR Temperature control and temperature monitoring,,,,,,
KTR-KTRBELLHOUSINGSDAM,Bellhousings Aluminium,KTR Germany,Phụ kiện bơm thủy lực,"KTR Bellhousings, damping elements and accessories",,,,,,
KTR-KTRBELLHOUSINGSDAM-2,Bellhousings PG,KTR Germany,Phụ kiện bơm thủy lực,"KTR Bellhousings, damping elements and accessories",,,,,,
KTR-KTRBELLHOUSINGSDAM-3,Bellhousings PSG,KTR Germany,Phụ kiện bơm thủy lực,"KTR Bellhousings, damping elements and accessories",,,,,,
KTR-KTRBELLHOUSINGSDAM-4,Bellhousings PS,KTR Germany,Phụ kiện bơm thủy lực,"KTR Bellhousings, damping elements and accessories",,,,,,
KTR-KTRTANKSANDACCESSO,Damping Elements DT/DTV/DTSV,KTR Germany,Phụ kiện bơm thủy lực,KTR Tanks and accessories,,,,,,
KTR-KTRTANKSANDACCESSO-2,Damping Ring Type D,KTR Germany,Phụ kiện bơm thủy lực,KTR Tanks and accessories,,,,,,
KTR-KTRTANKSANDACCESSO-3,Damping Rods,KTR Germany,Phụ kiện bơm thủy lực,KTR Tanks and accessories,,,,,,
KTR-KTRTANKSANDACCESSO-4,Accessories for Bellhousings,KTR Germany,Phụ kiện bơm thủy lực,KTR Tanks and accessories,,,,,,
KTR-KTRTANKSANDACCESSO-5,Foot Flanges Type PTFS,KTR Germany,Phụ kiện bơm thủy lực,KTR Tanks and accessories,,,,,,
KTR-KTRTANKSANDACCESSO-6,ZO Mounting Flanges and Gaskets,KTR Germany,Phụ kiện bơm thủy lực,KTR Tanks and accessories,,,,,,
KTR-KTRTANKSANDACCESSO-7,Elastic Flanges,KTR Germany,Phụ kiện bơm thủy lực,KTR Tanks and accessories,,,,,,
KTR-KTRTANKSANDACCESSO-8,BAK Aluminium Tank,KTR Germany,Phụ kiện bơm thủy lực,KTR Tanks and accessories,,,,,,
KTR-KTRTANKSANDACCESSO-9,BSK Steel Tank,KTR Germany,Phụ kiện bơm thủy lực,KTR Tanks and accessories,,,,,,
KTR-KTRTANKSANDACCESSO-10,BNK Steel Tank,KTR Germany,Phụ kiện bơm thủy lực,KTR Tanks and accessories,,,,,,
KTR-KTRTANKSANDACCESSO-11,BEK Steel Tank,KTR Germany,Phụ kiện bơm thủy lực,KTR Tanks and accessories,,,,,,
KTR-KTRTANKSANDACCESSO-12,Special Tank,KTR Germany,Phụ kiện bơm thủy lực,KTR Tanks and accessories,,,,,,
KTR-KTRTANKSANDACCESSO-13,Frames and Stands,KTR Germany,Phụ kiện bơm thủy lực,KTR Tanks and accessories,,,,,,
KTR-KTRTANKSANDACCESSO-14,Special Sump Pans,KTR Germany,Phụ kiện bơm thủy lực,KTR Tanks and accessories,,,,,,
KTR-FLOATINGCALIPERBRA,KTR-STOP® XS-xx-F,KTR Germany,Phanh công nghiệp,Floating caliper brakes,,,,,,
KTR-FLOATINGCALIPERBRA-2,KTR-STOP® S-xx-F,KTR Germany,Phanh công nghiệp,Floating caliper brakes,,,,,,
KTR-FLOATINGCALIPERBRA-3,KTR-STOP® M-xxx-F,KTR Germany,Phanh công nghiệp,Floating caliper brakes,,,,,,
KTR-FLOATINGCALIPERBRA-4,KTR-STOP® XL-xxx-F,KTR Germany,Phanh công nghiệp,Floating caliper brakes,,,,,,
KTR-FLOATINGCALIPERBRA-5,KTR-STOP® XXL-xxxx-F,KTR Germany,Phanh công nghiệp,Floating caliper brakes,,,,,,
KTR-FLOATINGCALIPERBRA-6,EMB-STOP XS-P-xx-F,KTR Germany,Phanh công nghiệp,Floating caliper brakes,,,,,,
KTR-FLOATINGCALIPERBRA-7,EMB-STOP S-P-xx-F,KTR Germany,Phanh công nghiệp,Floating caliper brakes,,,,,,
KTR-FLOATINGCALIPERBRA-8,EMB-STOP M-P-xxx-F,KTR Germany,Phanh công nghiệp,Floating caliper brakes,,,,,,
KTR-FLOATINGCALIPERBRA-9,KTR-STOP® XS-A-F,KTR Germany,Phanh công nghiệp,Floating caliper brakes,,,,,,
KTR-FLOATINGCALIPERBRA-10,KTR-STOP® S-A-F,KTR Germany,Phanh công nghiệp,Floating caliper brakes,,,,,,
KTR-FLOATINGCALIPERBRA-11,KTR-STOP® M-A-F,KTR Germany,Phanh công nghiệp,Floating caliper brakes,,,,,,
KTR-FLOATINGCALIPERBRA-12,EMB-STOP XS-A-xx-F,KTR Germany,Phanh công nghiệp,Floating caliper brakes,,,,,,
KTR-FLOATINGCALIPERBRA-13,EMB-STOP S-A-xx-F,KTR Germany,Phanh công nghiệp,Floating caliper brakes,,,,,,
KTR-FLOATINGCALIPERBRA-14,EMB-STOP L-A-xxx-F,KTR Germany,Phanh công nghiệp,Floating caliper brakes,,,,,,
KTR-FIXEDCALIPERBRAKES,KTR-STOP XS-xx,KTR Germany,Phanh công nghiệp,Fixed caliper brakes,,,,,,
KTR-FIXEDCALIPERBRAKES-2,KTR-STOP S-xx,KTR Germany,Phanh công nghiệp,Fixed caliper brakes,,,,,,
KTR-FIXEDCALIPERBRAKES-3,KTR-STOP M-xxx,KTR Germany,Phanh công nghiệp,Fixed caliper brakes,,,,,,
KTR-FIXEDCALIPERBRAKES-4,KTR-STOP L light-xxx,KTR Germany,Phanh công nghiệp,Fixed caliper brakes,,,,,,
KTR-FIXEDCALIPERBRAKES-5,KTR-STOP L-xxx,KTR Germany,Phanh công nghiệp,Fixed caliper brakes,,,,,,
KTR-FIXEDCALIPERBRAKES-6,KTR-STOP M-D,KTR Germany,Phanh công nghiệp,Fixed caliper brakes,,,,,,
KTR-YAWBRAKES,KTR-STOP® YAW XS,KTR Germany,Phanh công nghiệp,YAW brakes,,,,,,
KTR-YAWBRAKES-2,KTR-STOP® YAW S,KTR Germany,Phanh công nghiệp,YAW brakes,,,,,,
KTR-YAWBRAKES-3,KTR-STOP® YAW M,KTR Germany,Phanh công nghiệp,YAW brakes,,,,,,
KTR-YAWBRAKES-4,KTR-STOP® YAW L,KTR Germany,Phanh công nghiệp,YAW brakes,,,,,,
KTR-THRUSTERBRAKES,KTR-STOP® TB S,KTR Germany,Phanh công nghiệp,Thruster brakes,,,,,,
KTR-THRUSTERBRAKES-2,KTR-STOP® TB T,KTR Germany,Phanh công nghiệp,Thruster brakes,,,,,,
KTR-STOPBLOCKTURNBRAKE,STOP-BLOCK-TURN System,KTR Germany,Phanh công nghiệp,STOP-BLOCK-TURN brakes,,,,,,
KTR-ELECTRONICCONTROLS,INTELLIRAMP®,KTR Germany,Phanh công nghiệp,Electronic control system,,,,,,
KTR-ROTORLOCKLOCKINGPI,KTR-STOP® RL S,KTR Germany,Phanh công nghiệp,Rotor lock / locking pin,,,,,,
KTR-ROTORLOCKLOCKINGPI-2,KTR-STOP® RL M,KTR Germany,Phanh công nghiệp,Rotor lock / locking pin,,,,,,
KTR-ROTORLOCKLOCKINGPI-3,EMB-STOP RL S,KTR Germany,Phanh công nghiệp,Rotor lock / locking pin,,,,,,
KTR-ROTORLOCKLOCKINGPI-4,EMB-STOP RL M,KTR Germany,Phanh công nghiệp,Rotor lock / locking pin,,,,,,
KTR-CALIPERBRAKES,KTR-STOP® PB P-050-Pxx-xx,KTR Germany,Phanh công nghiệp,Caliper brakes,,,,,,
KTR-CALIPERBRAKES-2,KTR-STOP® PB P-100-Pxx-xx,KTR Germany,Phanh công nghiệp,Caliper brakes,,,,,,
KTR-CALIPERBRAKES-3,KTR-STOP® PB P-200-Pxx-xx,KTR Germany,Phanh công nghiệp,Caliper brakes,,,,,,
KTR-CALIPERBRAKES-4,KTR-STOP® PB P-2xx-Pxx-xx,KTR Germany,Phanh công nghiệp,Caliper brakes,,,,,,
KTR-CALIPERBRAKES-5,KTR-STOP® PB P-250-Pxx-xx,KTR Germany,Phanh công nghiệp,Caliper brakes,,,,,,
KTR-CALIPERBRAKES-6,KTR-STOP® PB P-300-Pxx-xx,KTR Germany,Phanh công nghiệp,Caliper brakes,,,,,,
KTR-CALIPERBRAKES-7,KTR-STOP® PB P-350-Pxx-xx,KTR Germany,Phanh công nghiệp,Caliper brakes,,,,,,
KTR-CALIPERBRAKES-8,KTR-STOP® PB P-05x-Axx-xx,KTR Germany,Phanh công nghiệp,Caliper brakes,,,,,,
KTR-CALIPERBRAKES-9,KTR-STOP® PB P-100-Axx-xx,KTR Germany,Phanh công nghiệp,Caliper brakes,,,,,,
KTR-CALIPERBRAKES-10,KTR-STOP® PB P-200-Axx-xx,KTR Germany,Phanh công nghiệp,Caliper brakes,,,,,,
KTR-CALIPERBRAKES-11,KTR-STOP® PB P-2xx-Axx-xx,KTR Germany,Phanh công nghiệp,Caliper brakes,,,,,,
KTR-CALIPERBRAKES-12,KTR-STOP® PB P-250-Axx-xx,KTR Germany,Phanh công nghiệp,Caliper brakes,,,,,,
KTR-CALIPERBRAKES-13,KTR-STOP® PB P-300-Axx-xx,KTR Germany,Phanh công nghiệp,Caliper brakes,,,,,,
KTR-CALIPERBRAKES-14,KTR-STOP® PB P-350-Axx-xx,KTR Germany,Phanh công nghiệp,Caliper brakes,,,,,,
KTR-BRAKECOMPONENTS,KTR-STOP® NBS,KTR Germany,Phanh công nghiệp,Brake Components,,,,,,
KTR-OILAIRCOOLER,OPC2,KTR Germany,Bộ làm mát dầu thuỷ lực,Oil-air Cooler,,,,,,
KTR-OILAIRCOOLER-2,OAC,KTR Germany,Bộ làm mát dầu thuỷ lực,Oil-air Cooler,,,,,,
KTR-OILAIRCOOLER-3,OPC,KTR Germany,Bộ làm mát dầu thuỷ lực,Oil-air Cooler,,,,,,
KTR-OILAIRCOOLER-4,PIK,KTR Germany,Bộ làm mát dầu thuỷ lực,Oil-air Cooler,,,,,,
KTR-OILWATERCOOLER,PHE,KTR Germany,Bộ làm mát dầu thuỷ lực,Oil-water Cooler,,,,,,
KTR-OILWATERCOOLER-2,TAK/TP,KTR Germany,Bộ làm mát dầu thuỷ lực,Oil-water Cooler,,,,,,
KTR-MMCCOMBINEDCOOLERM,MMC Customized Engine System Coolers,KTR Germany,Bộ làm mát dầu thuỷ lực,MMC combined cooler-mobile machinery cooler,,,,,,
KTR-MMCCOMBINEDCOOLERM-2,MMC Customized Hydraulic Cooler,KTR Germany,Bộ làm mát dầu thuỷ lực,MMC combined cooler-mobile machinery cooler,,,,,,
KTR-MMCCOMBINEDCOOLERM-3,MMC Customized Compressor Cooler,KTR Germany,Bộ làm mát dầu thuỷ lực,MMC combined cooler-mobile machinery cooler,,,,,,
RF-TNS,TNS,Ringfeder Germany,Cao su giảm chấn,TNS,,,,,,
RF-TNM,TNM,Ringfeder Germany,Cao su giảm chấn,TNM,,,,,,
RF-GWE,GWE,Ringfeder Germany,Cao su giảm chấn,GWE,,,,,,
RF-TNR,TNR,Ringfeder Germany,Cao su giảm chấn,TNR,,,,,,
RF-TNB,TNB,Ringfeder Germany,Cao su giảm chấn,TNB,,,,,,
RF-ELASTOMERJAWCOUPLI,TMM E,Ringfeder Germany,Khớp nối linh hoạt,Elastomer Jaw Couplings TNM,,,,,,
RF-ELASTOMERJAWCOUPLI-2,TMM G,Ringfeder Germany,Khớp nối linh hoạt,Elastomer Jaw Couplings TNM,,,,,,
RF-ELASTOMERJAWCOUPLI-3,TMM H,Ringfeder Germany,Khớp nối linh hoạt,Elastomer Jaw Couplings TNM,,,,,,
RF-ELASTOMERJAWCOUPLI-4,TMM ETW,Ringfeder Germany,Khớp nối linh hoạt,Elastomer Jaw Couplings TNM,,,,,,
RF-ELASTOMERJAWCOUPLI-5,TMM GTW,Ringfeder Germany,Khớp nối linh hoạt,Elastomer Jaw Couplings TNM,,,,,,
RF-ELASTOMERJAWCOUPLI-6,TMM EBT,Ringfeder Germany,Khớp nối linh hoạt,Elastomer Jaw Couplings TNM,,,,,,
RF-ELASTOMERJAWCOUPLI-7,TMM GBT,Ringfeder Germany,Khớp nối linh hoạt,Elastomer Jaw Couplings TNM,,,,,,
RF-ELASTOMERJAWCOUPLI-8,TMM GHBS,Ringfeder Germany,Khớp nối linh hoạt,Elastomer Jaw Couplings TNM,,,,,,
RF-ELASTOMERJAWCOUPLI-9,TMM LE,Ringfeder Germany,Khớp nối linh hoạt,Elastomer Jaw Couplings TNM,,,,,,
RF-ELASTOMERJAWCOUPLI-10,TMM LG,Ringfeder Germany,Khớp nối linh hoạt,Elastomer Jaw Couplings TNM,,,,,,
RF-ELASTOMERJAWCOUPLI-11,TNS S-St,Ringfeder Germany,Khớp nối linh hoạt,Elastomer Jaw Couplings TNS,,,,,,
RF-ELASTOMERJAWCOUPLI-12,TNS S-LSt,Ringfeder Germany,Khớp nối linh hoạt,Elastomer Jaw Couplings TNS,,,,,,
RF-ELASTOMERJAWCOUPLI-13,TNS S-BT,Ringfeder Germany,Khớp nối linh hoạt,Elastomer Jaw Couplings TNS,,,,,,
RF-ELASTOMERJAWCOUPLI-14,TNS SDD-5,Ringfeder Germany,Khớp nối linh hoạt,Elastomer Jaw Couplings TNS,,,,,,
RF-ELASTOMERJAWCOUPLI-15,TNS SDDL-5,Ringfeder Germany,Khớp nối linh hoạt,Elastomer Jaw Couplings TNS,,,,,,
RF-ELASTOMERJAWCOUPLI-16,TNS SDDL-5-BS,Ringfeder Germany,Khớp nối linh hoạt,Elastomer Jaw Couplings TNS,,,,,,
RF-ELASTOMERJAWCOUPLI-17,TNS SX,Ringfeder Germany,Khớp nối linh hoạt,Elastomer Jaw Couplings TNS,,,,,,
RF-ELASTOMERJAWCOUPLI-18,TNS SV,Ringfeder Germany,Khớp nối linh hoạt,Elastomer Jaw Couplings TNS,,,,,,
RF-ELASTOMERJAWCOUPLI-19,TNB BH,Ringfeder Germany,Khớp nối linh hoạt,Elastomer Jaw Couplings TNB,,,,,,
RF-ELASTOMERJAWCOUPLI-20,TNB BHD,Ringfeder Germany,Khớp nối linh hoạt,Elastomer Jaw Couplings TNB,,,,,,
RF-ELASTOMERJAWCOUPLI-21,TNB BHD-BS,Ringfeder Germany,Khớp nối linh hoạt,Elastomer Jaw Couplings TNB,,,,,,
RF-ELASTOMERJAWCOUPLI-22,TNB BHDD,Ringfeder Germany,Khớp nối linh hoạt,Elastomer Jaw Couplings TNB,,,,,,
RF-ELASTOMERJAWCOUPLI-23,TNB BHDDV,Ringfeder Germany,Khớp nối linh hoạt,Elastomer Jaw Couplings TNB,,,,,,
RF-ELASTOMERJAWCOUPLI-24,TNB BHDDVV,Ringfeder Germany,Khớp nối linh hoạt,Elastomer Jaw Couplings TNB,,,,,,
RF-ELASTOMERJAWCOUPLI-25,ECE 6118,Ringfeder Germany,Khớp nối linh hoạt,Elastomer Jaw Couplings ECE,,,,,,
RF-ELASTOMERJAWCOUPLI-26,ECE 6418,Ringfeder Germany,Khớp nối linh hoạt,Elastomer Jaw Couplings ECE,,,,,,
RF-TORSIONALHIGHFLEXC,TNR 2424.1,Ringfeder Germany,Khớp nối linh hoạt,Torsional Highflex Couplings TNR,,,,,,
RF-TORSIONALHIGHFLEXC-2,TNR 2424.2,Ringfeder Germany,Khớp nối linh hoạt,Torsional Highflex Couplings TNR,,,,,,
RF-TORSIONALHIGHFLEXC-3,TNR 2425.1,Ringfeder Germany,Khớp nối linh hoạt,Torsional Highflex Couplings TNR,,,,,,
RF-TORSIONALHIGHFLEXC-4,TNR 2425.2,Ringfeder Germany,Khớp nối linh hoạt,Torsional Highflex Couplings TNR,,,,,,
RF-TORSIONALHIGHFLEXC-5,TNR 2428.1,Ringfeder Germany,Khớp nối linh hoạt,Torsional Highflex Couplings TNR,,,,,,
RF-TORSIONALHIGHFLEXC-6,TNR 2428.2,Ringfeder Germany,Khớp nối linh hoạt,Torsional Highflex Couplings TNR,,,,,,
RF-PINBUSHCOUPLINGS,RLB,Ringfeder Germany,Khớp nối bulong đai ốc,Pin & Bush Couplings,,,,,,
RF-PINBUSHCOUPLINGS-2,RLP,Ringfeder Germany,Khớp nối bulong đai ốc,Pin & Bush Couplings,,,,,,
RF-PINBUSHCOUPLINGS-3,TNF 5571,Ringfeder Germany,Khớp nối bulong đai ốc,Pin & Bush Couplings,,,,,,
RF-TYRECOUPLINGS,RLT,Ringfeder Germany,Khớp nối bánh xe,Tyre Couplings,,,,,,
RF-TYRECOUPLINGS-2,RLU,Ringfeder Germany,Khớp nối bánh xe,Tyre Couplings,,,,,,
RF-SAFETYCOUPLINGSTNT,TNT 2420,Ringfeder Germany,Khớp nối bảo vệ quá tải,Safety Couplings TNT,,,,,,
RF-SAFETYCOUPLINGSTNT-2,TNT 2424,Ringfeder Germany,Khớp nối bảo vệ quá tải,Safety Couplings TNT,,,,,,
RF-SAFETYCOUPLINGSTNT-3,TNT 2425,Ringfeder Germany,Khớp nối bảo vệ quá tải,Safety Couplings TNT,,,,,,
RF-METALBELLOWSCOUPLI,GWB AK,Ringfeder Germany,Khớp nối encoder,Metal Bellows Couplings GWB,,,,,,
RF-METALBELLOWSCOUPLI-2,GWB AKD,Ringfeder Germany,Khớp nối encoder,Metal Bellows Couplings GWB,,,,,,
RF-METALBELLOWSCOUPLI-3,GWB AKN,Ringfeder Germany,Khớp nối encoder,Metal Bellows Couplings GWB,,,,,,
RF-METALBELLOWSCOUPLI-4,GWB CKN,Ringfeder Germany,Khớp nối encoder,Metal Bellows Couplings GWB,,,,,,
RF-METALBELLOWSCOUPLI-5,GWB DKN,Ringfeder Germany,Khớp nối encoder,Metal Bellows Couplings GWB,,,,,,
RF-METALBELLOWSCOUPLI-6,GWB EKN,Ringfeder Germany,Khớp nối encoder,Metal Bellows Couplings GWB,,,,,,
RF-METALBELLOWSCOUPLI-7,GWB PKA,Ringfeder Germany,Khớp nối encoder,Metal Bellows Couplings GWB,,,,,,
RF-METALBELLOWSCOUPLI-8,GWB Z5106,Ringfeder Germany,Khớp nối encoder,Metal Bellows Couplings GWB,,,,,,
RF-GEARCOUPLINGSTNZ,ECT 6418,Ringfeder Germany,Khớp nối răng,Gear Couplings TNZ,,,,,,
RF-GEARCOUPLINGSTNZ-2,TNZ ZCA / ZCB,Ringfeder Germany,Khớp nối răng,Gear Couplings TNZ,,,,,,
RF-GEARCOUPLINGSTNZ-3,TNZ ZCAU / ZCBU,Ringfeder Germany,Khớp nối răng,Gear Couplings TNZ,,,,,,
RF-GEARCOUPLINGSTNZ-4,TNZ ZCAUU / ZCBUU,Ringfeder Germany,Khớp nối răng,Gear Couplings TNZ,,,,,,
RF-GEARCOUPLINGSTNZ-5,TNZ ZCAF / ZCBF,Ringfeder Germany,Khớp nối răng,Gear Couplings TNZ,,,,,,
RF-GEARCOUPLINGSTNZ-6,TNZ ZCAK / ZCBK,Ringfeder Germany,Khớp nối răng,Gear Couplings TNZ,,,,,,
RF-GEARCOUPLINGSTNZ-7,TNZ ZCAV / ZCBV,Ringfeder Germany,Khớp nối răng,Gear Couplings TNZ,,,,,,
RF-GEARCOUPLINGSTNZ-8,TNZ ZCAZ / ZCBZ,Ringfeder Germany,Khớp nối răng,Gear Couplings TNZ,,,,,,
RF-GEARCOUPLINGSTNZ-9,TNZ ZCH,Ringfeder Germany,Khớp nối răng,Gear Couplings TNZ,,,,,,
RF-GEARCOUPLINGSTNZ-10,TNZ ZCA-BS / ZCB-BS,Ringfeder Germany,Khớp nối răng,Gear Couplings TNZ,,,,,,
RF-GEARCOUPLINGSTNZ-11,TNZ ZCA-BT / ZCB-BT,Ringfeder Germany,Khớp nối răng,Gear Couplings TNZ,,,,,,
RF-GEARCOUPLINGSTNZ-12,TNZ ZCHU,Ringfeder Germany,Khớp nối răng,Gear Couplings TNZ,,,,,,
RF-GEARCOUPLINGSTNZ-13,TNZ ZCHUU,Ringfeder Germany,Khớp nối răng,Gear Couplings TNZ,,,,,,
RF-DISCCOUPLINGSTND,TND HSH,Ringfeder Germany,Khớp nối đĩa,Disc Couplings TND,,,,,,
RF-DISCCOUPLINGSTND-2,TND HDH,Ringfeder Germany,Khớp nối đĩa,Disc Couplings TND,,,,,,
RF-DISCCOUPLINGSTND-3,TND HDV,Ringfeder Germany,Khớp nối đĩa,Disc Couplings TND,,,,,,
RF-DISCCOUPLINGSTND-4,TND VDV,Ringfeder Germany,Khớp nối đĩa,Disc Couplings TND,,,,,,
RF-DISCCOUPLINGSTND-5,TND QCO,Ringfeder Germany,Khớp nối đĩa,Disc Couplings TND,,,,,,
RF-DISCCOUPLINGSTND-6,TND XSX,Ringfeder Germany,Khớp nối đĩa,Disc Couplings TND,,,,,,
RF-DISCCOUPLINGSTND-7,TND XDX,Ringfeder Germany,Khớp nối đĩa,Disc Couplings TND,,,,,,
RF-DISCCOUPLINGSTND-8,TND QCQ,Ringfeder Germany,Khớp nối đĩa,Disc Couplings TND,,,,,,
RF-BACKLASHFREESERVOC,GWE 5102,Ringfeder Germany,Khớp nối servo,Backlash-free Servo Couplings GWE,,,,,,
RF-BACKLASHFREESERVOC-2,GWE 5103.1,Ringfeder Germany,Khớp nối servo,Backlash-free Servo Couplings GWE,,,,,,
RF-BACKLASHFREESERVOC-3,GWE 5104,Ringfeder Germany,Khớp nối servo,Backlash-free Servo Couplings GWE,,,,,,
RF-BACKLASHFREESERVOC-4,GWE 5106,Ringfeder Germany,Khớp nối servo,Backlash-free Servo Couplings GWE,,,,,,
RF-BACKLASHFREESERVOC-5,GWE 5112,Ringfeder Germany,Khớp nối servo,Backlash-free Servo Couplings GWE,,,,,,
RF-BACKLASHFREESERVOC-6,GWE 5113,Ringfeder Germany,Khớp nối servo,Backlash-free Servo Couplings GWE,,,,,,
RF-BACKLASHFREESERVOC-7,GWE 5117,Ringfeder Germany,Khớp nối servo,Backlash-free Servo Couplings GWE,,,,,,
RF-BACKLASHFREESERVOC-8,GWE Z5104.1,Ringfeder Germany,Khớp nối servo,Backlash-free Servo Couplings GWE,,,,,,
RF-BACKLASHFREESERVOC-9,GWE Z5106.1,Ringfeder Germany,Khớp nối servo,Backlash-free Servo Couplings GWE,,,,,,
RF-BARRELCOUPLINGSTNK,Barrel Couplings TNK TKVO,Ringfeder Germany,Khớp nối tang cuốn cáp,Barrel Couplings TNK TKVO,,,,,,
RF-LOCKINGASSEMBLIESR,RfN 7003,Ringfeder Germany,Khớp khoá trục,Locking Assemblies RfN,,,,,,
RF-LOCKINGASSEMBLIESR-2,RfN 7004,Ringfeder Germany,Khớp khoá trục,Locking Assemblies RfN,,,,,,
RF-LOCKINGASSEMBLIESR-3,RfN 7005,Ringfeder Germany,Khớp khoá trục,Locking Assemblies RfN,,,,,,
RF-LOCKINGASSEMBLIESR-4,RfN 7006,Ringfeder Germany,Khớp khoá trục,Locking Assemblies RfN,,,,,,
RF-LOCKINGASSEMBLIESR-5,RfN 7012,Ringfeder Germany,Khớp khoá trục,Locking Assemblies RfN,,,,,,
RF-LOCKINGASSEMBLIESR-6,RfN 7012.2,Ringfeder Germany,Khớp khoá trục,Locking Assemblies RfN,,,,,,
RF-LOCKINGASSEMBLIESR-7,RfN 7013.0,Ringfeder Germany,Khớp khoá trục,Locking Assemblies RfN,,,,,,
RF-LOCKINGASSEMBLIESR-8,RfN 7013.1,Ringfeder Germany,Khớp khoá trục,Locking Assemblies RfN,,,,,,
RF-LOCKINGASSEMBLIESR-9,RfN 7007,Ringfeder Germany,Khớp khoá trục,Locking Assemblies RfN,,,,,,
RF-LOCKINGASSEMBLIESR-10,RfN 7110,Ringfeder Germany,Khớp khoá trục,Locking Assemblies RfN,,,,,,
RF-LOCKINGASSEMBLIESR-11,RfN 7515,Ringfeder Germany,Khớp khoá trục,Locking Assemblies RfN,,,,,,
RF-LOCKINGASSEMBLIESR-12,RfN 7061,Ringfeder Germany,Khớp khoá trục,Locking Assemblies RfN,,,,,,
RF-LOCKINGASSEMBLIESR-13,RfN 7015.0,Ringfeder Germany,Khớp khoá trục,Locking Assemblies RfN,,,,,,
RF-LOCKINGASSEMBLIESR-14,RfN 7015.1,Ringfeder Germany,Khớp khoá trục,Locking Assemblies RfN,,,,,,
RF-LOCKINGASSEMBLIESR-15,RfN 7012 SST,Ringfeder Germany,Khớp khoá trục,Locking Assemblies RfN,,,,,,
RF-LOCKINGASSEMBLIESR-16,RfN 7013.1 SST,Ringfeder Germany,Khớp khoá trục,Locking Assemblies RfN,,,,,,
RF-LOCKINGASSEMBLIESR-17,RfN 7061 SST,Ringfeder Germany,Khớp khoá trục,Locking Assemblies RfN,,,,,,
RF-LOCKINGASSEMBLIESR-18,RfN 7110 SST,Ringfeder Germany,Khớp khoá trục,Locking Assemblies RfN,,,,,,
RF-LOCKINGASSEMBLIESR-19,RfN 8006,Ringfeder Germany,Khớp khoá trục,Locking Assemblies RfN,,,,,,
RF-SHRINKDISCSRFN,RfN 4051,Ringfeder Germany,Thiết bị bóp trục,Shrink Discs RfN,,,,,,
RF-SHRINKDISCSRFN-2,RfN 4071,Ringfeder Germany,Thiết bị bóp trục,Shrink Discs RfN,,,,,,
RF-SHRINKDISCSRFN-3,RfN 4073,Ringfeder Germany,Thiết bị bóp trục,Shrink Discs RfN,,,,,,
RF-SHRINKDISCSRFN-4,Safety Covers,Ringfeder Germany,Thiết bị bóp trục,Shrink Discs RfN,,,,,,
RF-SHRINKDISCSRFN-5,RfN 4061,Ringfeder Germany,Thiết bị bóp trục,Shrink Discs RfN,,,,,,
RF-SHRINKDISCSRFN-6,RfN 4061 SST,Ringfeder Germany,Thiết bị bóp trục,Shrink Discs RfN,,,,,,
RF-SHRINKDISCSRFN-7,RfN 4161,Ringfeder Germany,Thiết bị bóp trục,Shrink Discs RfN,,,,,,
RF-SHRINKDISCSRFN-8,RfN 4181,Ringfeder Germany,Thiết bị bóp trục,Shrink Discs RfN,,,,,,
RF-SHRINKDISCSRFN-9,RfN 4091,Ringfeder Germany,Thiết bị bóp trục,Shrink Discs RfN,,,,,,
RF-SHOCKABSORBINGELEM,Shock Absorbing Elements DEFORM plus,Ringfeder Germany,Shock Absorbing Elements,Shock Absorbing Elements DEFORM plus,,,,,,
RF-SHOCKABSORBINGELEM-2,Shock Absorbing Elements DEFORM plus R/RMP,Ringfeder Germany,Shock Absorbing Elements,Shock Absorbing Elements DEFORM plus R/RMP,,,,,,
RF-SHOCKABSORBINGELEM-3,Shock Absorbing Elements DEFORM plus R,Ringfeder Germany,Shock Absorbing Elements,Shock Absorbing Elements DEFORM plus R,,,,,,
RA-L,L,Rathi-Ringfeder India,Cao su giảm chấn,L,,,,,,
RA-RB,RB,Rathi-Ringfeder India,Cao su giảm chấn,RB,,,,,,
RA-L-2,L,Rathi-Ringfeder India,Khớp nối linh hoạt,L,,,,,,
RA-SW,SW,Rathi-Ringfeder India,Khớp nối linh hoạt,SW,,,,,,
RA-RRL,RRL,Rathi-Ringfeder India,Khớp nối linh hoạt,RRL,,,,,,
RA-RRS,RRS,Rathi-Ringfeder India,Khớp nối linh hoạt,RRS,,,,,,
RA-SWQ,SWQ,Rathi-Ringfeder India,Khớp nối linh hoạt,SWQ,,,,,,
RA-SWS,SWS,Rathi-Ringfeder India,Khớp nối linh hoạt,SWS,,,,,,
RA-HHR,H/HR,Rathi-Ringfeder India,Khớp nối linh hoạt,H/HR,,,,,,
RA-RRJ,RRJ,Rathi-Ringfeder India,Khớp nối linh hoạt,RRJ,,,,,,
RA-RFC,RFC,Rathi-Ringfeder India,Khớp nối linh hoạt,RFC,,,,,,
RA-RNRNSABH,RN / RNS A / B / H,Rathi-Ringfeder India,Khớp nối linh hoạt,RN / RNS A / B / H,,,,,,
RA-BFLEXRB,B-FLEX: RB,Rathi-Ringfeder India,Khớp nối bulong đai ốc,B-FLEX: RB,,,,,,
RA-BFLEXLBC,B-FLEX: LBC,Rathi-Ringfeder India,Khớp nối bulong đai ốc,B-FLEX: LBC,,,,,,
RA-CONEFLEXRCRCT,CONE-FLEX: RC / RCT,Rathi-Ringfeder India,Khớp nối bulong đai ốc,CONE-FLEX: RC / RCT,,,,,,
RA-LFG,LFG,Rathi-Ringfeder India,Khớp nối răng,LFG,,,,,,
RA-LHG,LHG,Rathi-Ringfeder India,Khớp nối răng,LHG,,,,,,
RA-RGD,RGD,Rathi-Ringfeder India,Khớp nối răng,RGD,,,,,,
RA-RGS,RGS,Rathi-Ringfeder India,Khớp nối răng,RGS,,,,,,
RA-RSK,RSK,Rathi-Ringfeder India,Khớp nối đĩa,RSK,,,,,,
RA-RLM,RLM,Rathi-Ringfeder India,Khớp nối đĩa,RLM,,,,,,
RA-REMH,REMH,Rathi-Ringfeder India,Khớp nối đĩa,REMH,,,,,,
RA-REM,REM,Rathi-Ringfeder India,Khớp nối đĩa,REM,,,,,,
RA-LFG-2,LFG,Rathi-Ringfeder India,Khớp nối lưới lò xo,LFG,,,,,,
RA-RJB,RJB,Rathi-Ringfeder India,Khớp nối servo,RJB,,,,,,
RA-RR,RR,Rathi-Ringfeder India,Khớp nối cứng,RR,,,,,,
RA-RGR,RGR,Rathi-Ringfeder India,Khớp nối cứng,RGR,,,,,,
RA-TTO,T / TO,Rathi-Ringfeder India,Khớp nối bánh xe,T / TO,,,,,,
RA-RST,RST,Rathi-Ringfeder India,Khớp nối bánh xe,RST,,,,,,
WES-ROTOFLEXIGGN,ROTOFLEXI G-GN,Westcar Italy,Khớp nối linh hoạt,ROTOFLEXI G-GN,,,,,,
WES-ROTOFLEXID,ROTOFLEXI D,Westcar Italy,Khớp nối linh hoạt,ROTOFLEXI D,,,,,,
WES-ROTOFLEXIDF,ROTOFLEXI DF,Westcar Italy,Khớp nối linh hoạt,ROTOFLEXI DF,,,,,,
WES-ROTOPINEEP,ROTOPIN E/EP,Westcar Italy,Khớp nối bulong đai ốc,ROTOPIN E/EP,,,,,,
WES-ROTODISCHNHNS,ROTODISC HN / HNS,Westcar Italy,Khớp nối đĩa,ROTODISC HN / HNS,,,,,,
WES-ROTOGRIDTH,ROTOGRID TH,Westcar Italy,Khớp nối lưới lò xo,ROTOGRID TH,,,,,,
WES-ROTOGEARAR,ROTOGEAR AR,Westcar Italy,Khớp nối răng,ROTOGEAR AR,,,,,,
WES-ROTOGEARREFO,ROTOGEAR RE/FO,Westcar Italy,Khớp nối răng,ROTOGEAR RE/FO,,,,,,
WES-ROTOFLUIDCAK,ROTOFLUID CA-K,Westcar Italy,Khớp nối thuỷ lực,ROTOFLUID CA-K,,,,,,
WES-ROTOMECCAKA,ROTOMEC CA KA,Westcar Italy,Khớp nối thuỷ lực,ROTOMEC CA KA,,,,,,
WES-ROTOMECCAKS,ROTOMEC CA K-S,Westcar Italy,Khớp nối thuỷ lực,ROTOMEC CA K-S,,,,,,
WES-KDA,KDA,Westcar Italy,Khớp nối thuỷ lực,KDA,,,,,,
WES-ROTOMEC,ROTOMEC,Westcar Italy,Khớp nối thuỷ lực,ROTOMEC,,,,,,
WES-ROTOMECSCFWITHSING,ROTOMEC SCF with Single Delay Chamber,Westcar Italy,Khớp nối thuỷ lực,ROTOMEC SCF with Single Delay Chamber,,,,,,
WES-ROTOMECDCFWITHDOUB,ROTOMEC DCF with Double Delay Chamber,Westcar Italy,Khớp nối thuỷ lực,ROTOMEC DCF with Double Delay Chamber,,,,,,
WES-ROTOMECCAWITHANNUL,ROTOMEC CA with Annular Chamber,Westcar Italy,Khớp nối thuỷ lực,ROTOMEC CA with Annular Chamber,,,,,,
WES-ROTOMECCAKWITHGEAR,ROTOMEC CA K with Gear Coupling,Westcar Italy,Khớp nối thuỷ lực,ROTOMEC CA K with Gear Coupling,,,,,,
WES-ROTOMECCAKWITHBRAK,ROTOMEC CA K with Brake Drum,Westcar Italy,Khớp nối thuỷ lực,ROTOMEC CA K with Brake Drum,,,,,,
WES-ROTOMECCAKWITHDISC,ROTOMEC CA K with Disc Coupling,Westcar Italy,Khớp nối thuỷ lực,ROTOMEC CA K with Disc Coupling,,,,,,
WES-ROTOMECCAKWITHBRAK-2,ROTOMEC CA K with Brake Disc,Westcar Italy,Khớp nối thuỷ lực,ROTOMEC CA K with Brake Disc,,,,,,
WES-ROTOMECCAKWITHSTAN,ROTOMEC CA K with Standard Pulleys,Westcar Italy,Khớp nối thuỷ lực,ROTOMEC CA K with Standard Pulleys,,,,,,
WES-ROTOMECCAKWITHBELL,ROTOMEC CA K with Bellhousing,Westcar Italy,Khớp nối thuỷ lực,ROTOMEC CA K with Bellhousing,,,,,,
WES-THRUSTERBRAKES,Westcar CD Disc Brakes,Westcar Italy,Phanh công nghiệp,Thruster brakes,,,,,,
WES-THRUSTERBRAKES-2,Westcar BD Drum Brakes,Westcar Italy,Phanh công nghiệp,Thruster brakes,,,,,,
WC-KEHRC,KE (HRC),Cross+Morse UK,Cao su giảm chấn,KE (HRC),,,,,,
WC-GF,GF,Cross+Morse UK,Cao su giảm chấn,GF,,,,,,
WC-LBUNA,L (BUNA),Cross+Morse UK,Cao su giảm chấn,L (BUNA),,,,,,
WC-L,L,Cross+Morse UK,Khớp nối linh hoạt,L,,,,,,
WC-KEHRC-2,KE (HRC),Cross+Morse UK,Khớp nối linh hoạt,KE (HRC),,,,,,
WC-GF-2,GF,Cross+Morse UK,Khớp nối răng,GF,,,,,,
WC-GFA,GFA,Cross+Morse UK,Khớp nối răng,GFA,,,,,,
WC-CS,CS,Cross+Morse UK,Khớp nối bảo vệ quá tải,CS,,,,,,
WC-STANDARDMODEL,Standard Model,Cross+Morse UK,Khớp nối bảo vệ quá tải,Standard Model,,,,,,
WC-MODEL200,Model 200,Cross+Morse UK,Khớp nối bảo vệ quá tải,Model 200,,,,,,
WC-MODEL250,Model 250,Cross+Morse UK,Khớp nối bảo vệ quá tải,Model 250,,,,,,
WC-MODEL350,Model 350,Cross+Morse UK,Khớp nối bảo vệ quá tải,Model 350,,,,,,
WC-MODEL500,Model 500,Cross+Morse UK,Khớp nối bảo vệ quá tải,Model 500,,,,,,
WC-MODEL700,Model 700,Cross+Morse UK,Khớp nối bảo vệ quá tải,Model 700,,,,,,
WC-LNC,LNC,Cross+Morse UK,Khớp nối xích,LNC,,,,,,
WC-LRC,LRC,Cross+Morse UK,Khớp nối xích,LRC,,,,,,
WC-TYPEB200B500,Type B200 & B500,Cross+Morse UK,Vòng bi chống quay ngược,Type B200 & B500,,,,,,
WC-WEDGEBELTSPULLEYSS,Wedge Belts Pulleys SPA,Cross+Morse UK,Puly - Ống lót côn,Wedge Belts Pulleys SPA,,,,,,
WC-WEDGEBELTSPULLEYSS-2,Wedge Belts Pulleys SPB,Cross+Morse UK,Puly - Ống lót côn,Wedge Belts Pulleys SPB,,,,,,
WC-WEDGEBELTSPULLEYSS-3,Wedge Belts Pulleys SPC,Cross+Morse UK,Puly - Ống lót côn,Wedge Belts Pulleys SPC,,,,,,
WC-WEDGEBELTSPULLEYSS-4,Wedge Belts Pulleys SPZ,Cross+Morse UK,Puly - Ống lót côn,Wedge Belts Pulleys SPZ,,,,,,
WC-TIMINGPULLEYS,Timing Pulleys,Cross+Morse UK,Puly - Ống lót côn,Timing Pulleys,,,,,,
WC-TAPERBUSHES,Taper Bushes,Cross+Morse UK,Puly - Ống lót côn,Taper Bushes,,,,,,
WC-XICHBUOCDOICROSSMO,Xích bước đôi Cross+Morse,Cross+Morse UK,Xích - nhông công nghiệp,Xích bước đôi Cross+Morse,,,,,,
WC-XICHBANGTAICROSSMO,Xích băng tải Cross+Morse,Cross+Morse UK,Xích - nhông công nghiệp,Xích băng tải Cross+Morse,,,,,,
WC-NHONGCROSSMORSETBK,Nhông Cross+Morse TB (không cùi),Cross+Morse UK,Xích - nhông công nghiệp,Nhông Cross+Morse TB (không cùi),,,,,,
WC-NHONGCROSSMORSETBC,Nhông Cross+Morse TB (có cùi),Cross+Morse UK,Xích - nhông công nghiệp,Nhông Cross+Morse TB (có cùi),,,,,,
WC-XICHTIEUCHUANCROSS,Xích tiêu chuẩn Cross+Morse BS Standard,Cross+Morse UK,Xích - nhông công nghiệp,Xích tiêu chuẩn Cross+Morse BS Standard,,,,,,
WC-XICHTRUYENDONGCROS,Xích truyền động Cross+Morse Inverted SC,Cross+Morse UK,Xích - nhông công nghiệp,Xích truyền động Cross+Morse Inverted SC,,,,,,
WC-NHONGXICHCROSSMORS,Nhông xích Cross+Morse HC/SC,Cross+Morse UK,Xích - nhông công nghiệp,Nhông xích Cross+Morse HC/SC,,,,,,
WC-XICHTRUYENDONGCROS-2,Xích truyền động Cross+Morse Inverted HC,Cross+Morse UK,Xích - nhông công nghiệp,Xích truyền động Cross+Morse Inverted HC,,,,,,
WC-MODEL350-2,Model 350,Cross+Morse UK,Xích - nhông công nghiệp,Model 350,,,,,,
WC-MODEL500-2,Model 500,Cross+Morse UK,Xích - nhông công nghiệp,Model 500,,,,,,
WC-MODEL700-2,Model 700,Cross+Morse UK,Xích - nhông công nghiệp,Model 700,,,,,,
JAC-JACCA,JAC CA,JAC Korea,Cao su giảm chấn,JAC CA,,,,,,
JAC-JACCR,JAC CR,JAC Korea,Cao su giảm chấn,JAC CR,,,,,,
JAC-JACCR-2,JAC CR,JAC Korea,Khớp nối linh hoạt,JAC CR,,,,,,
JAC-GDS,GDS,JAC Korea,Khớp nối răng,GDS,,,,,,
JAC-SAM,SAM,JAC Korea,Khớp nối răng,SAM,,,,,,
JAC-GSGSL,GS-GSL,JAC Korea,Khớp nối răng,GS-GSL,,,,,,
JAC-GDGDL,GD-GDL,JAC Korea,Khớp nối răng,GD-GDL,,,,,,
JAC-SSMCCM,SSM/CCM,JAC Korea,Khớp nối răng,SSM/CCM,,,,,,
JAC-SEMCEM,SEM-CEM,JAC Korea,Khớp nối răng,SEM-CEM,,,,,,
JAC-GDBWGSBW,GDBW/GSBW,JAC Korea,Khớp nối răng,GDBW/GSBW,,,,,,
JAC-SSMBSEMB,SSMB/SEMB,JAC Korea,Khớp nối răng,SSMB/SEMB,,,,,,
JAC-JACCA-2,JAC CA,JAC Korea,Khớp nối bánh xe,JAC CA,,,,,,
MAR-ML,ML,Martin USA,Cao su giảm chấn,ML,,,,,,
MAR-GOFLEXGF,GO-FLEX (GF),Martin USA,Cao su giảm chấn,GO-FLEX (GF),,,,,,
MAR-HRC,HRC,Martin USA,Cao su giảm chấn,HRC,,,,,,
MAR-ML-2,ML,Martin USA,Khớp nối linh hoạt,ML,,,,,,
MAR-GOFLEXGF-2,GO-FLEX (GF),Martin USA,Khớp nối linh hoạt,GO-FLEX (GF),,,,,,
MAR-HRC-2,HRC,Martin USA,Khớp nối linh hoạt,HRC,,,,,,
MAR-MARTINFLEXF,Martin-Flex (F),Martin USA,Khớp nối bánh xe,Martin-Flex (F),,,,,,
MAR-FHPSHEAVES,FHP Sheaves,Martin USA,Puly - Ống lót côn,FHP Sheaves,,,,,,
MAR-MSTSHEAVES,MST Sheaves,Martin USA,Puly - Ống lót côn,MST Sheaves,,,,,,
MAR-QDSHEAVES,QD Sheaves,Martin USA,Puly - Ống lót côn,QD Sheaves,,,,,,
MAR-WEDGEBELTSPULLEYSS,Wedge Belts Pulleys SPA,Martin USA,Puly - Ống lót côn,Wedge Belts Pulleys SPA,,,,,,
MAR-WEDGEBELTSPULLEYSS-2,Wedge Belts Pulleys SPB,Martin USA,Puly - Ống lót côn,Wedge Belts Pulleys SPB,,,,,,
MAR-WEDGEBELTSPULLEYSS-3,Wedge Belts Pulleys SPC,Martin USA,Puly - Ống lót côn,Wedge Belts Pulleys SPC,,,,,,
MAR-WEDGEBELTSPULLEYSS-4,Wedge Belts Pulleys SPZ,Martin USA,Puly - Ống lót côn,Wedge Belts Pulleys SPZ,,,,,,
MAR-CLASSICALTIMINGPUL,Classical Timing Pulleys,Martin USA,Puly - Ống lót côn,Classical Timing Pulleys,,,,,,
MAR-SYNCHRONOUSSPROCKE,Synchronous Sprocket MBC,Martin USA,Puly - Ống lót côn,Synchronous Sprocket MBC,,,,,,
MAR-HIGHTORQUESPROCKET,High Torque Sprocket HTS,Martin USA,Puly - Ống lót côn,High Torque Sprocket HTS,,,,,,
MAR-ONGLOTCONTBBUSHING,Ống lót côn TB Bushings,Martin USA,Puly - Ống lót côn,Ống lót côn TB Bushings,,,,,,
FL-CAOSUNEUPEX,Cao su N-Eupex,Flender Germany,Cao su giảm chấn,Cao su N-Eupex,,,,,,
FL-CAOSUNEUPEXDS,Cao su N-Eupex DS,Flender Germany,Cao su giảm chấn,Cao su N-Eupex DS,,,,,,
FL-CAOSURUPEX,Cao su Rupex,Flender Germany,Cao su giảm chấn,Cao su Rupex,,,,,,
FL-DIATHEPRADEXN,Đĩa thép Radex-N,Flender Germany,Cao su giảm chấn,Đĩa thép Radex-N,,,,,,
FL-NEUPEXA,N-Eupex A,Flender Germany,Khớp nối linh hoạt,N-Eupex A,,,,,,
FL-NEUPEXB,N-Eupex B,Flender Germany,Khớp nối linh hoạt,N-Eupex B,,,,,,
FL-NEUPEXH,N-Eupex H,Flender Germany,Khớp nối linh hoạt,N-Eupex H,,,,,,
FL-NEUPEXE,N-Eupex E,Flender Germany,Khớp nối linh hoạt,N-Eupex E,,,,,,
FL-NEUPEXDSADS,N-Eupex DS-ADS,Flender Germany,Khớp nối linh hoạt,N-Eupex DS-ADS,,,,,,
FL-NEUPEXDSBDS,N-Eupex DS-BDS,Flender Germany,Khớp nối linh hoạt,N-Eupex DS-BDS,,,,,,
FL-NEUPEXDSHDS,N-Eupex DS-HDS,Flender Germany,Khớp nối linh hoạt,N-Eupex DS-HDS,,,,,,
FL-RUPEXRWS,RUPEX RWS,Flender Germany,Khớp nối bulong đai ốc,RUPEX RWS,,,,,,
FL-RUPEXRWN,RUPEX RWN,Flender Germany,Khớp nối bulong đai ốc,RUPEX RWN,,,,,,
FL-NARPEXTYPENEN,N-Arpex Type NEN,Flender Germany,Khớp nối đĩa,N-Arpex Type NEN,,,,,,
FL-NARPEXTYPEMCECM,N-Arpex Type MCECM,Flender Germany,Khớp nối đĩa,N-Arpex Type MCECM,,,,,,
FL-NARPEXTYPEMFEFM,N-Arpex Type MFEFM,Flender Germany,Khớp nối đĩa,N-Arpex Type MFEFM,,,,,,
FL-ARPEXTYPEXVVXVF,Arpex Type XVV/XVF,Flender Germany,Khớp nối đĩa,Arpex Type XVV/XVF,,,,,,
FL-ARPEXTYPEBVBBVF,Arpex Type BVB/BVF,Flender Germany,Khớp nối đĩa,Arpex Type BVB/BVF,,,,,,
FL-ARPEXTYPEMHMMH,Arpex Type MHM/MH,Flender Germany,Khớp nối đĩa,Arpex Type MHM/MH,,,,,,
FL-ARPEXTYPEH,Arpex Type H,Flender Germany,Khớp nối đĩa,Arpex Type H,,,,,,
FL-SNN,SNN,Flender Germany,Khớp nối encoder,SNN,,,,,,
FL-SGS,SGS,Flender Germany,Khớp nối encoder,SGS,,,,,,
FL-SGGMINIATURESERIES,SGG Miniature Series,Flender Germany,Khớp nối encoder,SGG Miniature Series,,,,,,
FL-SGGSTANDARDSERIES,SGG Standard Series,Flender Germany,Khớp nối encoder,SGG Standard Series,,,,,,
FL-SGGAMINIATURESERIE,SGG-A Miniature Series,Flender Germany,Khớp nối encoder,SGG-A Miniature Series,,,,,,
FL-SGGASTANDARDSERIES,SGG-A Standard Series,Flender Germany,Khớp nối encoder,SGG-A Standard Series,,,,,,
FL-SHHMINIATURESERIES,SHH Miniature Series,Flender Germany,Khớp nối encoder,SHH Miniature Series,,,,,,
FL-SHHSTANDARDSERIES,SHH Standard Series,Flender Germany,Khớp nối encoder,SHH Standard Series,,,,,,
FL-SKKMINIATURESERIES,SKK Miniature Series,Flender Germany,Khớp nối encoder,SKK Miniature Series,,,,,,
FL-SKKSTANDARDSERIES,SKK Standard Series,Flender Germany,Khớp nối encoder,SKK Standard Series,,,,,,
FL-SIISTANDARDSERIES,SII Standard Series,Flender Germany,Khớp nối encoder,SII Standard Series,,,,,,
FL-SHHW,SHH-W,Flender Germany,Khớp nối encoder,SHH-W,,,,,,
FL-ZAPEXXN,Zapex XN Type XNN,Flender Germany,Khớp nối răng,Zapex XN,,,,,,
FL-ZAPEXXN-2,Zapex XN Type XNNA,Flender Germany,Khớp nối răng,Zapex XN,,,,,,
FL-ZAPEXXN-3,Zapex XN Type XNZS,Flender Germany,Khớp nối răng,Zapex XN,,,,,,
FL-ZAPEXXN-4,Zapex XN Type XNZA,Flender Germany,Khớp nối răng,Zapex XN,,,,,,
FL-ZAPEXXN-5,Zapex XN Type XNBG,Flender Germany,Khớp nối răng,Zapex XN,,,,,,
FL-ZAPEXXW,ZAPEX XW Type XWN,Flender Germany,Khớp nối răng,Zapex XW,,,,,,
FL-ZAPEXXW-2,ZAPEX XW Type XWNA,Flender Germany,Khớp nối răng,Zapex XW,,,,,,
FL-ZAPEXXW-3,ZAPEX XW Type XWZS,Flender Germany,Khớp nối răng,Zapex XW,,,,,,
FL-ZAPEXXW-4,ZAPEX XW Type XWZA,Flender Germany,Khớp nối răng,Zapex XW,,,,,,
FL-ZAPEXXW-5,ZAPEX XW Type XWBG,Flender Germany,Khớp nối răng,Zapex XW,,,,,,
FL-ZAPEXXW-6,ZAPEX XW Type XWB,Flender Germany,Khớp nối răng,Zapex XW,,,,,,
FL-ZAPEXXW-7,ZAPEX XW Type XWH,Flender Germany,Khớp nối răng,Zapex XW,,,,,,
FL-ZAPEXXW-8,ZAPEX XW Type XWNV,Flender Germany,Khớp nối răng,Zapex XW,,,,,,
FL-ZAPEXXW-9,ZAPEX XW Type ZZW,Flender Germany,Khớp nối răng,Zapex XW,,,,,,
FL-ZAPEXXW-10,ZAPEX XW Type ZBR,Flender Germany,Khớp nối răng,Zapex XW,,,,,,
FL-ZAPEXXW-11,ZAPEX XW Type ZWS,Flender Germany,Khớp nối răng,Zapex XW,,,,,,
FL-ZAPEXXW-12,ZAPEX XW Type ZWSE,Flender Germany,Khớp nối răng,Zapex XW,,,,,,
FL-ZAPEXXW-13,ZAPEX XW Type ZWTR,Flender Germany,Khớp nối răng,Zapex XW,,,,,,
FL-ELPEXB,ELPEX-B,Flender Germany,Khớp nối bánh xe,ELPEX-B,,,,,,
FL-FLUDEXFASERIES,FLUDEX FA Series,Flender Germany,Khớp nối thuỷ lực,FLUDEX FA Series,,,,,,
FL-FLUDEXFGSERIES,FLUDEX FG Series,Flender Germany,Khớp nối thuỷ lực,FLUDEX FG Series,,,,,,
FL-FLUDEXFNSERIES,FLUDEX FN Series,Flender Germany,Khớp nối thuỷ lực,FLUDEX FN Series,,,,,,
FL-FLUDEXFVSERIES,FLUDEX FV Series,Flender Germany,Khớp nối thuỷ lực,FLUDEX FV Series,,,,,,
FL-FLENDERHYDRAULICCO,Flender Hydraulic Couplings Spare Parts,Flender Germany,Phụ kiện khớp nối thuỷ lực,Flender Hydraulic Couplings Spare Parts,,,,,,
FL-ARPEXARV,ARPEX ARV,Flender Germany,Khớp nối điện gió,ARPEX ARV,,,,,,
FL-ARPEXGIGA,ARPEX GIGA,Flender Germany,Khớp nối điện gió,ARPEX GIGA,,,,,,
TBW-SUREFLEX,Sure-Flex,TB Woods USA,Cao su giảm chấn,Sure-Flex,,,,,,
TBW-TBWOODSSUREFLEX,TB Woods Sure-Flex,TB Woods USA,Khớp nối linh hoạt,TB Woods Sure-Flex,,,,,,
MAG-MAGNALOY,Magnaloy,Magnaloy USA,Cao su giảm chấn,Magnaloy,,,,,,
MAG-MAGNALOY-2,Magnaloy,Magnaloy USA,Khớp nối linh hoạt,Magnaloy,,,,,,
FEN-CAOSUBANHXEFENAFLE,Cao su bánh xe Fenaflex (F),Fenner,Cao su giảm chấn,Cao su bánh xe Fenaflex (F),,,,,,
FEN-HRC,HRC,Fenner,Khớp nối linh hoạt,HRC,,,,,,
FEN-L,L,Fenner,Khớp nối linh hoạt,L,,,,,,
FEN-KHOPNOICUNGFENNER,Khớp nối cứng Fenner,Fenner,Khớp nối cứng,Khớp nối cứng Fenner,,,,,,
FEN-FENAFLEXF,Fenaflex (F),Fenner,Khớp nối bánh xe,Fenaflex (F),,,,,,
FEN-DAYCUROAFENNERCLAS,Dây Curoa Fenner Classic,Fenner,Dây curoa,Dây Curoa Fenner Classic,,,,,,
FEN-DAYCUROAFENNERQUAT,Dây Curoa Fenner Quattro Plus CRE,Fenner,Dây curoa,Dây Curoa Fenner Quattro Plus CRE,,,,,,
FEN-DAYCUROAFENNERPLUS,Dây Curoa Fenner Plus CRE,Fenner,Dây curoa,Dây Curoa Fenner Plus CRE,,,,,,
FEN-DAYCUROAFENNERPOWE,Dây Curoa Fenner Power Plus K,Fenner,Dây curoa,Dây Curoa Fenner Power Plus K,,,,,,
FEN-DAYCUROAFENNERPOWE-2,Dây Curoa Fenner Power Plus,Fenner,Dây curoa,Dây Curoa Fenner Power Plus,,,,,,
REN-CAOSUPM,Cao su PM,Renold USA,Cao su giảm chấn,Cao su PM,,,,,,
REN-KHOPNOIPM,Khớp nối PM,Renold USA,Khớp nối linh hoạt,Khớp nối PM,,,,,,
REN-XICHTAIRENOLDCHOXU,Xích Tải Renold Cho Xử Lý Nước Thải,Renold USA,Xích công nghiệp,Xích Tải Renold Cho Xử Lý Nước Thải,,,,,,
REN-XICHTAIRENOLDTIEUC,Xích Tải Renold Tiêu Chuẩn,Renold USA,Xích công nghiệp,Xích Tải Renold Tiêu Chuẩn,,,,,,
REN-CHUOIXICHKEOHANGNA,Chuỗi Xích Kéo Hạng Nặng Renold,Renold USA,Xích công nghiệp,Chuỗi Xích Kéo Hạng Nặng Renold,,,,,,
REN-XICHBANGTAITHEPREN,Xích Băng Tải Thép Renold,Renold USA,Xích công nghiệp,Xích Băng Tải Thép Renold,,,,,,
RXN-CAOSUWRAPFLEX,Cao su Wrapflex,Rexnord USA,Cao su giảm chấn,Cao su Wrapflex,,,,,,
RXN-KHOPNOIWRAPFLEX,Khớp nối Wrapflex,Rexnord USA,Khớp nối linh hoạt,Khớp nối Wrapflex,,,,,,
WJ-MAXDYNAMICSTANDARD,Max Dynamic Standard D/DS,Woojin Korea,Khớp nối linh hoạt,Max Dynamic Standard D/DS,,,,,,
WJ-MAXDYNAMICSPACER,Max Dynamic Spacer,Woojin Korea,Khớp nối linh hoạt,Max Dynamic Spacer,,,,,,
WJ-MAXDYNAMICHS,Max Dynamic HS,Woojin Korea,Khớp nối linh hoạt,Max Dynamic HS,,,,,,
WJ-MAXDYNAMICHT,Max Dynamic HT,Woojin Korea,Khớp nối linh hoạt,Max Dynamic HT,,,,,,
PTI-PTIPF,PTI PF,PTI Korea,Khớp nối bulong đai ốc,PTI PF,,,,,,
PTI-PS400S,PS4-00S,PTI Korea,Khớp nối đĩa,PS4-00S,,,,,,
PTI-P400D,P4-00D,PTI Korea,Khớp nối đĩa,P4-00D,,,,,,
PTI-MARKAPI610,Mark API610,PTI Korea,Khớp nối đĩa,Mark API610,,,,,,
PTI-DHPPG20PGL20,DHP-PG20/PGL20,PTI Korea,Khớp nối răng,DHP-PG20/PGL20,,,,,,
PTI-DHPPG52PGL52,DHP-PG52/PGL52,PTI Korea,Khớp nối răng,DHP-PG52/PGL52,,,,,,
PTI-DHPPG32,DHP-PG32,PTI Korea,Khớp nối răng,DHP-PG32,,,,,,
PTI-DHPPG52F,DHP-PG52F,PTI Korea,Khớp nối răng,DHP-PG52F,,,,,,
PTI-DHPPSSPCCJIS,DHP-PSS/PCC (JIS),PTI Korea,Khớp nối răng,DHP-PSS/PCC (JIS),,,,,,
PTI-DHPPSEPCEJIS,DHP-PSE/PCE (JIS),PTI Korea,Khớp nối răng,DHP-PSE/PCE (JIS),,,,,,
PTI-DHPT10,DHP T10,PTI Korea,Khớp nối lò xo,DHP T10,,,,,,
PTI-DHPT20,DHP T20,PTI Korea,Khớp nối lò xo,DHP T20,,,,,,
PTI-DHPT31,DHP T31,PTI Korea,Khớp nối lò xo,DHP T31,,,,,,
KBK-KBKKB1,KBK KB1,KBK Germany,Khớp nối encoder,KBK KB1,,,,,,
KBK-KBKKB1P,KBK KB1P,KBK Germany,Khớp nối encoder,KBK KB1P,,,,,,
KBK-KBKKB2,KBK KB2,KBK Germany,Khớp nối encoder,KBK KB2,,,,,,
KBK-KBKKB2H,KBK KB2H,KBK Germany,Khớp nối encoder,KBK KB2H,,,,,,
KBK-KBKKB2P,KBK KB2P,KBK Germany,Khớp nối encoder,KBK KB2P,,,,,,
KBK-KBKKB2VA,KBK KB2VA,KBK Germany,Khớp nối encoder,KBK KB2VA,,,,,,
KBK-KBKKB3,KBK KB3,KBK Germany,Khớp nối encoder,KBK KB3,,,,,,
KBK-KBKKB3P,KBK KB3P,KBK Germany,Khớp nối encoder,KBK KB3P,,,,,,
KBK-KBKKB4,KBK KB4,KBK Germany,Khớp nối encoder,KBK KB4,,,,,,
KBK-KBKKB4AL,KBK KB4AL,KBK Germany,Khớp nối encoder,KBK KB4AL,,,,,,
KBK-KBKKB4C,KBK KB4C,KBK Germany,Khớp nối encoder,KBK KB4C,,,,,,
KBK-KBKKB4F,KBK KB4F,KBK Germany,Khớp nối encoder,KBK KB4F,,,,,,
KBK-KBKKB4FA,KBK KB4FA,KBK Germany,Khớp nối encoder,KBK KB4FA,,,,,,
KBK-KBKKB4H,KBK KB4H,KBK Germany,Khớp nối encoder,KBK KB4H,,,,,,
KBK-KBKKB4HC,KBK KB4HC,KBK Germany,Khớp nối encoder,KBK KB4HC,,,,,,
KBK-KBKKB4K,KBK KB4K,KBK Germany,Khớp nối encoder,KBK KB4K,,,,,,
KBK-KBKKB4LV,KBK KB4LV,KBK Germany,Khớp nối encoder,KBK KB4LV,,,,,,
KBK-KBKKB4P,KBK KB4P,KBK Germany,Khớp nối encoder,KBK KB4P,,,,,,
KBK-KBKKB4VA,KBK KB4VA,KBK Germany,Khớp nối encoder,KBK KB4VA,,,,,,
KBK-KBKKB5,KBK KB5,KBK Germany,Khớp nối encoder,KBK KB5,,,,,,
KBK-KBKKB6,KBK KB6,KBK Germany,Khớp nối encoder,KBK KB6,,,,,,
KBK-KBKKB6P,KBK KB6P,KBK Germany,Khớp nối encoder,KBK KB6P,,,,,,
KBK-KBKKB7,KBK KB7,KBK Germany,Khớp nối encoder,KBK KB7,,,,,,
KBK-KBKKB8,KBK KB8,KBK Germany,Khớp nối encoder,KBK KB8,,,,,,
KBK-KBKKB8P,KBK KB8P,KBK Germany,Khớp nối encoder,KBK KB8P,,,,,,
KBK-KBKKBFH,KBK KBFH,KBK Germany,Khớp nối encoder,KBK KBFH,,,,,,
KBK-KBKKBFK,KBK KBFK,KBK Germany,Khớp nối encoder,KBK KBFK,,,,,,
KBK-KBKKBE1,KBK KBE1,KBK Germany,Khớp nối servo,KBK KBE1,,,,,,
KBK-KBKKBE2,KBK KBE2,KBK Germany,Khớp nối servo,KBK KBE2,,,,,,
KBK-KBKKBE2C,KBK KBE2C,KBK Germany,Khớp nối servo,KBK KBE2C,,,,,,
KBK-KBKKBE2D,KBK KBE2D,KBK Germany,Khớp nối servo,KBK KBE2D,,,,,,
KBK-KBKKBE2HC,KBK KBE2HC,KBK Germany,Khớp nối servo,KBK KBE2HC,,,,,,
KBK-KBKKBE2H,KBK KBE2H,KBK Germany,Khớp nối servo,KBK KBE2H,,,,,,
KBK-KBKKBE3,KBK KBE3,KBK Germany,Khớp nối servo,KBK KBE3,,,,,,
KBK-KBKKBE3C,KBK KBE3C,KBK Germany,Khớp nối servo,KBK KBE3C,,,,,,
KBK-KBKKBE4,KBK KBE4,KBK Germany,Khớp nối servo,KBK KBE4,,,,,,
KBK-KBST,KBST,KBK Germany,Khớp nối cứng,KBST,,,,,,
KBK-KBSTG,KBST-G,KBK Germany,Khớp nối cứng,KBST-G,,,,,,
KBK-KBSTVA,KBST-VA,KBK Germany,Khớp nối cứng,KBST-VA,,,,,,
KBK-KBSTGVA,KBST-G-VA,KBK Germany,Khớp nối cứng,KBST-G-VA,,,,,,
KBK-KBKBAA,KBK BAA,KBK Germany,Khớp nối bảo vệ quá tải,KBK BAA,,,,,,
KBK-KBKBAI,KBK BAI,KBK Germany,Khớp nối bảo vệ quá tải,KBK BAI,,,,,,
KBK-KBKBAK,KBK BAK,KBK Germany,Khớp nối bảo vệ quá tải,KBK BAK,,,,,,
KBK-KBKBHH,KBK BHH,KBK Germany,Khớp nối bảo vệ quá tải,KBK BHH,,,,,,
KBK-KBKBIA,KBK BIA,KBK Germany,Khớp nối bảo vệ quá tải,KBK BIA,,,,,,
KBK-KBKBII,KBK BII,KBK Germany,Khớp nối bảo vệ quá tải,KBK BII,,,,,,
KBK-KBKBIK,KBK BIK,KBK Germany,Khớp nối bảo vệ quá tải,KBK BIK,,,,,,
KBK-KBKBKA,KBK BKA,KBK Germany,Khớp nối bảo vệ quá tải,KBK BKA,,,,,,
KBK-KBKBKI,KBK BKI,KBK Germany,Khớp nối bảo vệ quá tải,KBK BKI,,,,,,
KBK-KBKBKK,KBK BKK,KBK Germany,Khớp nối bảo vệ quá tải,KBK BKK,,,,,,
KBK-KBKBKPA,KBK BKPA,KBK Germany,Khớp nối bảo vệ quá tải,KBK BKPA,,,,,,
KBK-KBKBKPI,KBK BKPI,KBK Germany,Khớp nối bảo vệ quá tải,KBK BKPI,,,,,,
KBK-KBKBKPK,KBK BKPK,KBK Germany,Khớp nối bảo vệ quá tải,KBK BKPK,,,,,,
KBK-KBKCA,KBK CA,KBK Germany,Khớp nối bảo vệ quá tải,KBK CA,,,,,,
KBK-KBKCI,KBK CI,KBK Germany,Khớp nối bảo vệ quá tải,KBK CI,,,,,,
KBK-KBKCK,KBK CK,KBK Germany,Khớp nối bảo vệ quá tải,KBK CK,,,,,,
KBK-KBKCP,KBK CP,KBK Germany,Khớp nối bảo vệ quá tải,KBK CP,,,,,,
KBK-KBKEAA,KBK EAA,KBK Germany,Khớp nối bảo vệ quá tải,KBK EAA,,,,,,
KBK-KBKEAI,KBK EAI,KBK Germany,Khớp nối bảo vệ quá tải,KBK EAI,,,,,,
KBK-KBKEAK,KBK EAK,KBK Germany,Khớp nối bảo vệ quá tải,KBK EAK,,,,,,
KBK-KBKEAP,KBK EAP,KBK Germany,Khớp nối bảo vệ quá tải,KBK EAP,,,,,,
KBK-KBKEHH,KBK EHH,KBK Germany,Khớp nối bảo vệ quá tải,KBK EHH,,,,,,
KBK-KBKEKA,KBK EKA,KBK Germany,Khớp nối bảo vệ quá tải,KBK EKA,,,,,,
KBK-KBKEKI,KBK EKI,KBK Germany,Khớp nối bảo vệ quá tải,KBK EKI,,,,,,
KBK-KBKEKK,KBK EKK,KBK Germany,Khớp nối bảo vệ quá tải,KBK EKK,,,,,,
KBK-KBKEKP,KBK EKP,KBK Germany,Khớp nối bảo vệ quá tải,KBK EKP,,,,,,
KBK-KBKEPA,KBK EPA,KBK Germany,Khớp nối bảo vệ quá tải,KBK EPA,,,,,,
KBK-KBKEPI,KBK EPI,KBK Germany,Khớp nối bảo vệ quá tải,KBK EPI,,,,,,
KBK-KBKEPK,KBK EPK,KBK Germany,Khớp nối bảo vệ quá tải,KBK EPK,,,,,,
KBK-KBKEPP,KBK EPP,KBK Germany,Khớp nối bảo vệ quá tải,KBK EPP,,,,,,
KBK-KBKLA,KBK LA,KBK Germany,Khớp nối bảo vệ quá tải,KBK LA,,,,,,
KBK-KBKLI,KBK LI,KBK Germany,Khớp nối bảo vệ quá tải,KBK LI,,,,,,
KBK-KBKLK,KBK LK,KBK Germany,Khớp nối bảo vệ quá tải,KBK LK,,,,,,
KBK-KBKLLA,KBK LLA,KBK Germany,Khớp nối bảo vệ quá tải,KBK LLA,,,,,,
KBK-KBKLLI,KBK LLI,KBK Germany,Khớp nối bảo vệ quá tải,KBK LLI,,,,,,
KBK-KBKLLK,KBK LLK,KBK Germany,Khớp nối bảo vệ quá tải,KBK LLK,,,,,,
KBK-KBKLLP,KBK LLP,KBK Germany,Khớp nối bảo vệ quá tải,KBK LLP,,,,,,
KBK-KBKLP,KBK LP,KBK Germany,Khớp nối bảo vệ quá tải,KBK LP,,,,,,
ITG-SERIES38IG,Series 38-IG,Italgiunti Italy,Khớp nối cardan,Series 38-IG,,,,,,
ITG-SERIES58710,Series 587.10,Italgiunti Italy,Khớp nối cardan,Series 587.10,,,,,,
ITG-SERIES58715,Series 587.15,Italgiunti Italy,Khớp nối cardan,Series 587.15,,,,,,
ITG-SERIES58720,Series 587.20,Italgiunti Italy,Khớp nối cardan,Series 587.20,,,,,,
ITG-SERIES58730,Series 587.30,Italgiunti Italy,Khớp nối cardan,Series 587.30,,,,,,
ITG-SERIES58735,Series 587.35,Italgiunti Italy,Khớp nối cardan,Series 587.35,,,,,,
ITG-SERIES58742,Series 587.42,Italgiunti Italy,Khớp nối cardan,Series 587.42,,,,,,
ITG-SERIES58748,Series 587.48,Italgiunti Italy,Khớp nối cardan,Series 587.48,,,,,,
ITG-SERIES58750,Series 587.50,Italgiunti Italy,Khớp nối cardan,Series 587.50,,,,,,
ITG-SERIES58755,Series 587.55,Italgiunti Italy,Khớp nối cardan,Series 587.55,,,,,,
ITG-SERIES1140,Series 1140,Italgiunti Italy,Khớp nối cardan,Series 1140,,,,,,
ITG-SERIES1310,Series 1310,Italgiunti Italy,Khớp nối cardan,Series 1310,,,,,,
ITG-SERIES1410,Series 1410,Italgiunti Italy,Khớp nối cardan,Series 1410,,,,,,
ITG-SERIES2020,Series 2020,Italgiunti Italy,Khớp nối cardan,Series 2020,,,,,,
ITG-SERIES2030,Series 2030,Italgiunti Italy,Khớp nối cardan,Series 2030,,,,,,
ITG-SERIES2035,Series 2035,Italgiunti Italy,Khớp nối cardan,Series 2035,,,,,,
ITG-SERIES2040,Series 2040,Italgiunti Italy,Khớp nối cardan,Series 2040,,,,,,
ITG-SERIES2045,Series 2045,Italgiunti Italy,Khớp nối cardan,Series 2045,,,,,,
ITG-SERIES2060,Series 2060,Italgiunti Italy,Khớp nối cardan,Series 2060,,,,,,
WCH-TYPE100,Type 100,Wichmann Germany,Khớp nối cardan,Type 100,,,,,,
WCH-TYPE105,Type 105,Wichmann Germany,Khớp nối cardan,Type 105,,,,,,
WCH-TYPE110,Type 110,Wichmann Germany,Khớp nối cardan,Type 110,,,,,,
WCH-TYPE130,Type 130,Wichmann Germany,Khớp nối cardan,Type 130,,,,,,
WCH-TYPE135,Type 135,Wichmann Germany,Khớp nối cardan,Type 135,,,,,,
WCH-TYPE160,Type 160,Wichmann Germany,Khớp nối cardan,Type 160,,,,,,
WCH-TYPE220,Type 220,Wichmann Germany,Khớp nối cardan,Type 220,,,,,,
HEN-AHHVVHYDRO,AHHVV Hydro,Henfel-Ringfeder Brazil,Khớp nối thuỷ lực,AHHVV Hydro,,,,,,
HEN-HDFB,HDFB,Henfel-Ringfeder Brazil,Khớp nối thuỷ lực,HDFB,,,,,,
HEN-HLER,HLE-R,Henfel-Ringfeder Brazil,Khớp nối thuỷ lực,HLE-R,,,,,,
HEN-HLERRA,HLE-RRA,Henfel-Ringfeder Brazil,Khớp nối thuỷ lực,HLE-RRA,,,,,,
HEN-HCPWITHPULLEY,HCP With Pulley,Henfel-Ringfeder Brazil,Khớp nối thuỷ lực,HCP With Pulley,,,,,,
HEN-HCPRR,HCP-RR,Henfel-Ringfeder Brazil,Khớp nối thuỷ lực,HCP-RR,,,,,,
HEN-HFFR,HFF-R,Henfel-Ringfeder Brazil,Khớp nối thuỷ lực,HFF-R,,,,,,
HEN-HFFRRA,HFF-RRA,Henfel-Ringfeder Brazil,Khớp nối thuỷ lực,HFF-RRA,,,,,,
HEN-HFBWITHFLANGE,HFB With Flange,Henfel-Ringfeder Brazil,Khớp nối thuỷ lực,HFB With Flange,,,,,,
HEN-HFBR,HFB-R,Henfel-Ringfeder Brazil,Khớp nối thuỷ lực,HFB-R,,,,,,
HEN-HFFRR,HFF-RR,Henfel-Ringfeder Brazil,Khớp nối thuỷ lực,HFF-RR,,,,,,
HEN-HFBRR,HFB-RR,Henfel-Ringfeder Brazil,Khớp nối thuỷ lực,HFB-RR,,,,,,
HEN-HFBRRA,HFB-RRA,Henfel-Ringfeder Brazil,Khớp nối thuỷ lực,HFB-RRA,,,,,,
HEN-HLFR,HLF-R,Henfel-Ringfeder Brazil,Khớp nối thuỷ lực,HLF-R,,,,,,
HEN-HLFRR,HLF-RR,Henfel-Ringfeder Brazil,Khớp nối thuỷ lực,HLF-RR,,,,,,
HEN-HLFPREPAREFORBRAKE,HLF Prepare For Brake,Henfel-Ringfeder Brazil,Khớp nối thuỷ lực,HLF Prepare For Brake,,,,,,
HEN-PHANHDIADIENTUHENF,Phanh Đĩa Điện Từ Henfel-Ringfeder FH-16E/FH-21E,Henfel-Ringfeder Brazil,Phanh công nghiệp,Phanh Đĩa Điện Từ Henfel-Ringfeder FH-16E/FH-21E,,,,,,
ETP-ETPOCTOPUS,ETP-Octopus,ETP Sweden,Khớp khoá trục,ETP-Octopus,,,,,,
ETP-ETPHYLOC,ETP-Hyloc,ETP Sweden,Khớp khoá trục,ETP-Hyloc,,,,,,
ETP-ETPMINI,ETP-Mini,ETP Sweden,Khớp khoá trục,ETP-Mini,,,,,,
ETP-ETPCLASSIC,ETP-Classic,ETP Sweden,Khớp khoá trục,ETP-Classic,,,,,,
ETP-ETPPOWER,ETP-Power,ETP Sweden,Khớp khoá trục,ETP-Power,,,,,,
ETP-ETPTECHNO,ETP-Techno,ETP Sweden,Khớp khoá trục,ETP-Techno,,,,,,
ETP-ETPEXPRESS,ETP-Express,ETP Sweden,Khớp khoá trục,ETP-Express,,,,,,
MAV-MAV1261,MAV 1261,MAV Italy,Khớp khoá trục,MAV 1261,,,,,,
MAV-MAV1071,MAV 1071,MAV Italy,Khớp khoá trục,MAV 1071,,,,,,
MAV-MAV4005,MAV 4005,MAV Italy,Khớp khoá trục,MAV 4005,,,,,,
MAV-MAV3505,MAV 3505,MAV Italy,Khớp khoá trục,MAV 3505,,,,,,
MAV-MAV1072,MAV 1072,MAV Italy,Khớp khoá trục,MAV 1072,,,,,,
MAV-MAV5061,MAV 5061,MAV Italy,Khớp khoá trục,MAV 5061,,,,,,
MAV-MAV2500,MAV 2500,MAV Italy,Khớp khoá trục,MAV 2500,,,,,,
MAV-MAV1062,MAV 1062,MAV Italy,Khớp khoá trục,MAV 1062,,,,,,
MAV-MAV2005,MAV 2005,MAV Italy,Khớp khoá trục,MAV 2005,,,,,,
MAV-MAV1061,MAV 1061,MAV Italy,Khớp khoá trục,MAV 1061,,,,,,
MAV-MAV3009,MAV 3009,MAV Italy,Thiết bị bóp trục,MAV 3009,,,,,,
MAV-MAV3008,MAV 3008,MAV Italy,Thiết bị bóp trục,MAV 3008,,,,,,
MAV-MAV2008,MAV 2008,MAV Italy,Thiết bị bóp trục,MAV 2008,,,,,,
HUC-HUCOLOOP,Huco Loop,HUCO UK,Khớp nối encoder,Huco Loop,,,,,,
RSP-IR,IR,Ringspann Germany,Vòng bi chống quay ngược,IR,,,,,,
RSP-FB,FB,Ringspann Germany,Vòng bi chống quay ngược,FB,,,,,,
RSP-FXN,FXN,Ringspann Germany,Vòng bi chống quay ngược,FXN,,,,,,
RSP-FAV,FAV,Ringspann Germany,Vòng bi chống quay ngược,FAV,,,,,,
RSP-FXM,FXM,Ringspann Germany,Vòng bi chống quay ngược,FXM,,,,,,
RSP-FA,FA,Ringspann Germany,Vòng bi chống quay ngược,FA,,,,,,
RSP-FGR,FGR,Ringspann Germany,Vòng bi chống quay ngược,FGR,,,,,,
TWF-FLOATINGCALIPERBRA,VKSD series,Twiflex Germany,Phanh công nghiệp,Floating caliper brakes,,,,,,
TWF-FLOATINGCALIPERBRA-2,VMS series,Twiflex Germany,Phanh công nghiệp,Floating caliper brakes,,,,,,
TWF-FIXEDCALIPERBRAKES,GMR Series Disc Brake Caliper,Twiflex Germany,Phanh công nghiệp,Fixed caliper brakes,,,,,,
TWF-FIXEDCALIPERBRAKES-2,GMX Series Disc Brake Caliper,Twiflex Germany,Phanh công nghiệp,Fixed caliper brakes,,,,,,
TWF-FIXEDCALIPERBRAKES-3,MR Series Disc Brake Caliper,Twiflex Germany,Phanh công nghiệp,Fixed caliper brakes,,,,,,
TWF-FIXEDCALIPERBRAKES-4,MS Series Disc Brake Caliper,Twiflex Germany,Phanh công nghiệp,Fixed caliper brakes,,,,,,
TWF-FIXEDCALIPERBRAKES-5,MU Series Disc Brake Caliper,Twiflex Germany,Phanh công nghiệp,Fixed caliper brakes,,,,,,
TWF-FIXEDCALIPERBRAKES-6,MX Series Disc Brake Caliper,Twiflex Germany,Phanh công nghiệp,Fixed caliper brakes,,,,,,
TWF-FIXEDCALIPERBRAKES-7,T20 Series Disc Brake Caliper,Twiflex Germany,Phanh công nghiệp,Fixed caliper brakes,,,,,,
TWF-FIXEDCALIPERBRAKES-8,T2 Series Disc Brake Caliper,Twiflex Germany,Phanh công nghiệp,Fixed caliper brakes,,,,,,
TWF-FIXEDCALIPERBRAKES-9,VH Series Disc Brake Caliper,Twiflex Germany,Phanh công nghiệp,Fixed caliper brakes,,,,,,
TWF-FIXEDCALIPERBRAKES-10,VKHD Series Disc Brake Caliper,Twiflex Germany,Phanh công nghiệp,Fixed caliper brakes,,,,,,
TWF-FIXEDCALIPERBRAKES-11,VMH Series Disc Brake Caliper,Twiflex Germany,Phanh công nghiệp,Fixed caliper brakes,,,,,,
TWF-FIXEDCALIPERBRAKES-12,T35 Top Drive Caliper Brake,Twiflex Germany,Phanh công nghiệp,Fixed caliper brakes,,,,,,
TWF-FIXEDCALIPERBRAKES-13,T40 Series Disc Brake Caliper,Twiflex Germany,Phanh công nghiệp,Fixed caliper brakes,,,,,,
TWF-FIXEDCALIPERBRAKES-14,MU Series,Twiflex Germany,Phanh công nghiệp,Fixed caliper brakes,,,,,,
TWF-FIXEDCALIPERBRAKES-15,MX Series,Twiflex Germany,Phanh công nghiệp,Fixed caliper brakes,,,,,,
TWF-FIXEDCALIPERBRAKES-16,VCS Series,Twiflex Germany,Phanh công nghiệp,Fixed caliper brakes,,,,,,
TWF-FIXEDCALIPERBRAKES-17,VS Series,Twiflex Germany,Phanh công nghiệp,Fixed caliper brakes,,,,,,
TWF-ELECTRONICCONTROLS,Electro Hydraulic Power Units,Twiflex Germany,Phanh công nghiệp,Electronic control system,,,,,,
TWF-ELECTRONICCONTROLS-2,Twiflex Brake Packages,Twiflex Germany,Phanh công nghiệp,Electronic control system,,,,,,
TWF-ELECTRONICCONTROLS-3,Monitoring Units,Twiflex Germany,Phanh công nghiệp,Electronic control system,,,,,,
TWF-BRAKECOMPONENTS,Disc and Hub Assemblies,Twiflex Germany,Phanh công nghiệp,Brake Components,,,,,,
SVB-FLOATINGCALIPERBRA,BSAK 300,Svenbord brakes Germany,Phanh công nghiệp,Floating caliper brakes,,,,,,
SVB-FLOATINGCALIPERBRA-2,BSAK 3000,Svenbord brakes Germany,Phanh công nghiệp,Floating caliper brakes,,,,,,
SVB-FIXEDCALIPERBRAKES,BSAB 50,Svenbord brakes Germany,Phanh công nghiệp,Fixed caliper brakes,,,,,,
SVB-FIXEDCALIPERBRAKES-2,BSAB 75,Svenbord brakes Germany,Phanh công nghiệp,Fixed caliper brakes,,,,,,
SVB-FIXEDCALIPERBRAKES-3,BSAB 90,Svenbord brakes Germany,Phanh công nghiệp,Fixed caliper brakes,,,,,,
SVB-FIXEDCALIPERBRAKES-4,CB90A Stromag,Svenbord brakes Germany,Phanh công nghiệp,Fixed caliper brakes,,,,,,
SVB-FIXEDCALIPERBRAKES-5,CB120A Stromag,Svenbord brakes Germany,Phanh công nghiệp,Fixed caliper brakes,,,,,,
SVB-FIXEDCALIPERBRAKES-6,Rotowell 120 Stromag,Svenbord brakes Germany,Phanh công nghiệp,Fixed caliper brakes,,,,,,
SVB-FIXEDCALIPERBRAKES-7,BSAH 500,Svenbord brakes Germany,Phanh công nghiệp,Fixed caliper brakes,,,,,,
SVB-FIXEDCALIPERBRAKES-8,BSAH D500,Svenbord brakes Germany,Phanh công nghiệp,Fixed caliper brakes,,,,,,
SVB-FIXEDCALIPERBRAKES-9,CB90R Stromag,Svenbord brakes Germany,Phanh công nghiệp,Fixed caliper brakes,,,,,,
SVB-FIXEDCALIPERBRAKES-10,BSAB 120,Svenbord brakes Germany,Phanh công nghiệp,Fixed caliper brakes,,,,,,
SVB-FIXEDCALIPERBRAKES-11,BSAC 120,Svenbord brakes Germany,Phanh công nghiệp,Fixed caliper brakes,,,,,,
SVB-FIXEDCALIPERBRAKES-12,BSFA 1000,Svenbord brakes Germany,Phanh công nghiệp,Fixed caliper brakes,,,,,,
SVB-FIXEDCALIPERBRAKES-13,BSFB 600 DS,Svenbord brakes Germany,Phanh công nghiệp,Fixed caliper brakes,,,,,,
SVB-FIXEDCALIPERBRAKES-14,BSFG 400,Svenbord brakes Germany,Phanh công nghiệp,Fixed caliper brakes,,,,,,
SVB-FIXEDCALIPERBRAKES-15,BSFH 500,Svenbord brakes Germany,Phanh công nghiệp,Fixed caliper brakes,,,,,,
SVB-FIXEDCALIPERBRAKES-16,BSFH D500,Svenbord brakes Germany,Phanh công nghiệp,Fixed caliper brakes,,,,,,
SVB-FIXEDCALIPERBRAKES-17,BSFI 200,Svenbord brakes Germany,Phanh công nghiệp,Fixed caliper brakes,,,,,,
SVB-FIXEDCALIPERBRAKES-18,BSFI 300,Svenbord brakes Germany,Phanh công nghiệp,Fixed caliper brakes,,,,,,
SVB-FIXEDCALIPERBRAKES-19,BSFI 3000,Svenbord brakes Germany,Phanh công nghiệp,Fixed caliper brakes,,,,,,
SVB-FIXEDCALIPERBRAKES-20,BSFI D300,Svenbord brakes Germany,Phanh công nghiệp,Fixed caliper brakes,,,,,,
SVB-FIXEDCALIPERBRAKES-21,BSFI D3000,Svenbord brakes Germany,Phanh công nghiệp,Fixed caliper brakes,,,,,,
SVB-FIXEDCALIPERBRAKES-22,BSFK 500,Svenbord brakes Germany,Phanh công nghiệp,Fixed caliper brakes,,,,,,
SVB-YAWBRAKES,KTR-STOP Yaw XS,Svenbord brakes Germany,Phanh công nghiệp,YAW brakes,,,,,,
SVB-YAWBRAKES-2,KTR-STOP Yaw S,Svenbord brakes Germany,Phanh công nghiệp,YAW brakes,,,,,,
SVB-YAWBRAKES-3,KTR-STOP Yaw M,Svenbord brakes Germany,Phanh công nghiệp,YAW brakes,,,,,,
SVB-YAWBRAKES-4,KTR-STOP Yaw L,Svenbord brakes Germany,Phanh công nghiệp,YAW brakes,,,,,,
SVB-THRUSTERBRAKES,Electro-Hydraulic Brake,Svenbord brakes Germany,Phanh công nghiệp,Thruster brakes,,,,,,
SVB-THRUSTERBRAKES-2,Thruster Disc Brake,Svenbord brakes Germany,Phanh công nghiệp,Thruster brakes,,,,,,
SVB-THRUSTERBRAKES-3,Thruster Drum Brake,Svenbord brakes Germany,Phanh công nghiệp,Thruster brakes,,,,,,
SVB-BRAKECOMPONENTS,Brake Pads Sinter,Svenbord brakes Germany,Phanh công nghiệp,Brake Components,,,,,,
